order_id,order_date,customer_id,store_id,product_id,quantity,unit_price,discount,shipping_cost,sales_channel,returned
ORD-100000,2025-06-21,CUS-0169,STR-103,PRD-009-S,2,89.0,0.15,11.99,Store,No
ORD-100000,2025-09-16,CUS-0245,STR-106,PRD-011-S,2,34.0,0,11.99,Store,No
ORD-100001,2025-07-16,CUS-0211,STR-102,PRD-015-T,1,49.32,0,4.99,Phone,No
ORD-100001,2025-12-08,CUS-0160,STR-101,PRD-008-S,5,18.0,0.1,0,Store,No
ORD-100002,2025-04-03,CUS-0107,STR-102,PRD-013-T,1,18.88,0,0,Store,No
ORD-100002,2025-12-07,CUS-0178,STR-105,PRD-005-S,3,55.0,0.05,4.99,Online,No
ORD-100003,2025-10-17,CUS-0094,STR-102,PRD-005-S,1,52.25,0.05,11.99,Store,No
ORD-100003,2025-07-03,CUS-0166,STR-106,PRD-014-S,2,36.75,0,11.99,Online,Yes
ORD-100004,2025-03-15,CUS-0185,STR-101,PRD-001-T,2,234.17,0.1,0,Phone,Yes
ORD-100004,2025-02-22,CUS-0203,STR-103,PRD-019-T,4,17.7,0.15,0,Online,No
ORD-100005,2025-05-29,CUS-0063,STR-107,PRD-006-T,1,140.42,0.1,0,Online,No
ORD-100005,2025-06-17,CUS-0140,STR-102,PRD-020-S,2,54.0,0,4.99,Online,No
ORD-100006,2025-11-22,CUS-0137,STR-104,PRD-012-S,1,22.0,0.15,11.99,Phone,No
ORD-100006,2025-12-07,CUS-0205,STR-105,PRD-008-S,1,18.0,0,0,Online,No
ORD-100007,2025-01-06,CUS-0012,STR-101,PRD-010-T,1,69.62,0.1,0,Online,No
ORD-100007,2025-12-04,CUS-0230,STR-102,PRD-009-S,1,89.0,0.15,4.99,Store,No
ORD-100008,2025-11-20,CUS-0150,STR-107,PRD-009-T,4,99.77,0.1,11.99,Phone,No
ORD-100008,2025-01-09,CUS-0103,STR-101,PRD-012-T,1,24.66,0.05,0,Online,No
ORD-100009,2025-12-27,CUS-0065,STR-102,PRD-003-S,2,44.1,0.1,7.99,Store,No
ORD-100009,2025-10-03,CUS-0163,STR-107,PRD-013-S,2,15.2,0.15,0,Online,No
ORD-100010,2025-07-20,CUS-0246,STR-103,PRD-004-S,2,26.25,0,0,Store,No
ORD-100010,2025-10-07,CUS-0045,STR-101,PRD-004-S,4,26.25,0,0,Phone,No
ORD-100011,2025-06-06,CUS-0072,STR-102,PRD-019-T,1,17.7,0,0,Store,No
ORD-100011,2025-07-31,CUS-0182,STR-107,PRD-008-T,1,21.24,0,7.99,Phone,No
ORD-100012,2025-11-12,CUS-0212,STR-103,PRD-009-S,1,93.45,0.05,7.99,Phone,No
ORD-100012,2025-08-01,CUS-0056,STR-106,PRD-014-S,1,35.0,0,7.99,Store,No
ORD-100013,2025-05-17,CUS-0142,STR-102,PRD-008-S,1,18.0,0,11.99,Phone,No
ORD-100013,2025-01-31,CUS-0208,STR-103,PRD-001-T,1,234.17,0,4.99,Online,No
ORD-100014,2025-02-28,CUS-0025,STR-104,PRD-020-T,1,66.91,0.1,11.99,Online,No
ORD-100014,2025-12-13,CUS-0083,STR-102,PRD-012-S,1,23.1,0.15,7.99,Store,No
ORD-100015,2025-08-13,CUS-0121,STR-104,PRD-002-T,2,110.98,0.05,7.99,Online,No
ORD-100015,2025-02-09,CUS-0111,STR-103,PRD-004-S,3,23.75,0.15,0,Online,No
ORD-100016,2025-04-26,CUS-0067,STR-106,PRD-013-T,1,18.88,0,0,Phone,No
ORD-100016,2025-08-16,CUS-0053,STR-106,PRD-017-S,1,7.6,0.15,11.99,Online,No
ORD-100017,2025-04-29,CUS-0206,STR-107,PRD-011-T,3,40.12,0,4.99,Phone,No
ORD-100017,2025-07-29,CUS-0046,STR-104,PRD-002-T,1,116.82,0,7.99,Phone,No
ORD-100018,2025-09-08,CUS-0160,STR-101,PRD-017-S,1,8.4,0.05,0,Store,No
ORD-100018,2025-07-18,CUS-0217,STR-101,PRD-019-S,2,15.75,0,11.99,Phone,No
ORD-100019,2025-12-20,CUS-0094,STR-103,PRD-018-T,2,35.93,0,11.99,online ,No
ORD-100019,2025-08-26,CUS-0007,STR-104,PRD-004-T,4,29.5,0.05,11.99,Online,No
ORD-100020,2025-01-04,CUS-0059,STR-106,PRD-015-T,2,54.52,0,0,Store,No
ORD-100020,2025-07-07,CUS-0048,STR-107,PRD-005-S,2,55.0,0.1,4.99,Store,No
ORD-100021,2025-03-05,CUS-0114,STR-106,PRD-008-T,1,20.18,0,0,Store,No
ORD-100021,2025-06-29,CUS-0138,STR-107,PRD-013-T,2,19.82,0.1,7.99,Phone,No
ORD-100022,2025-06-01,CUS-0235,STR-101,PRD-016-T,1,14.87,0.1,7.99,Store,No
ORD-100022,2025-10-24,CUS-0014,STR-104,PRD-019-T,1,16.81,0,0,Store,No
ORD-100023,2025-06-22,CUS-0013,STR-101,PRD-003-S,1,42.0,0,4.99,Phone,No
ORD-100023,2025-09-24,CUS-0082,STR-105,PRD-020-T,3,63.72,0.05,0,Store,No
ORD-100024,2025-06-20,CUS-0247,STR-107,PRD-015-T,2,54.52,0,4.99,Online,No
ORD-100024,2025-04-30,CUS-0074,STR-106,PRD-012-S,1,22.0,0,11.99,Store,No
ORD-100025,2025-03-23,CUS-0144,STR-106,PRD-014-S,1,33.25,0,7.99,Online,No
ORD-100025,2025-01-02,CUS-0073,STR-104,PRD-014-T,1,39.23,0.05,0,Online,No
ORD-100026,2025-01-31,CUS-0133,STR-107,PRD-003-S,1,44.1,0,0,Store,No
ORD-100026,2025-10-10,CUS-0053,STR-106,PRD-001-T,4,223.02,0.05,7.99,Store,No
ORD-100027,2025-04-10,CUS-0093,STR-105,PRD-002-S,3,94.05,0.1,7.99,Online,No
ORD-100027,2025-06-01,CUS-0031,STR-101,PRD-017-S,1,7.6,0.1,0,Store,No
ORD-100028,2025-05-01,CUS-0069,STR-104,PRD-018-T,2,32.51,0.05,11.99,Store,No
ORD-100028,2025-01-04,CUS-0168,STR-106,PRD-001-S,4,198.45,0,4.99,Phone,No
ORD-100029,2025-12-23,CUS-0194,STR-104,PRD-002-T,2,122.66,0,0,Store,Yes
ORD-100029,2025-12-15,CUS-0209,STR-105,PRD-011-T,3,42.13,0.05,4.99,Phone,No
ORD-100030,2025-02-03,CUS-0036,STR-102,PRD-019-S,3,15.0,0,11.99,Phone,No
ORD-100030,2025-09-24,CUS-0013,STR-105,PRD-001-S,3,189.0,0.1,0,Phone,No
ORD-100031,2025-12-21,CUS-0130,STR-106,PRD-001-T,1,234.17,0,0,Online,Yes
ORD-100031,2025-05-08,CUS-0184,STR-103,PRD-008-S,2,17.1,0.15,0,Online,No
ORD-100032,2025-04-23,CUS-0041,STR-107,PRD-015-S,1,41.8,0,11.99,Online,Yes
ORD-100032,2025-08-28,CUS-0165,STR-104,PRD-017-T,1,8.97,0.1,0,Store,No
ORD-100033,2025-03-24,CUS-0151,STR-107,PRD-010-S,3,61.95,0.15,4.99,Online,No
ORD-100033,2025-05-06,CUS-0077,STR-105,PRD-003-T,2,47.08,0,4.99,Phone,No
ORD-100034,2025-12-13,CUS-0010,STR-105,PRD-004-T,1,29.5,0.05,0,Store,No
ORD-100034,2025-03-13,CUS-0128,STR-104,PRD-001-S,2,179.55,0.15,0,Phone,No
ORD-100035,2025-01-02,CUS-0245,STR-105,PRD-020-S,2,54.0,0.05,0,Online,No
ORD-100035,2025-05-23,CUS-0176,STR-101,PRD-008-S,3,18.0,0.05,0,Store,No
ORD-100036,2025-10-15,CUS-0200,STR-101,PRD-005-S,2,55.0,0,0,Phone,No
ORD-100036,2025-12-13,CUS-0230,STR-106,PRD-003-T,2,47.08,0,7.99,Online,No
ORD-100037,2025-01-19,CUS-0190,STR-102,PRD-006-S,3,119.0,0.1,11.99,Online,No
ORD-100037,2025-06-22,CUS-0237,STR-102,PRD-015-S,1,41.8,0.05,0,Online,No
ORD-100038,2025-11-11,CUS-0155,STR-102,PRD-016-S,2,12.0,0.05,0,Online,No
ORD-100038,2025-09-15,CUS-0022,STR-102,PRD-009-S,1,93.45,0.15,4.99,Phone,No
ORD-100039,2025-04-19,CUS-0039,STR-107,PRD-005-T,1,61.66,0.1,4.99,Store,No
ORD-100039,2025-05-30,CUS-0062,STR-104,PRD-014-S,1,35.0,0.15,7.99,Online,No
ORD-100040,2025-05-24,CUS-0165,STR-107,PRD-009-S,2,84.55,0.15,7.99,Phone,No
ORD-100040,2025-07-17,CUS-0160,STR-105,PRD-019-T,2,17.7,0,7.99,Phone,No
ORD-100041,2025-02-06,CUS-0040,STR-102,PRD-010-T,2,69.62,0.1,0,Phone,No
ORD-100041,2025-10-02,CUS-0099,STR-102,PRD-016-S,2,12.6,0.05,4.99,Store,No
ORD-100042,2025-05-18,CUS-0031,STR-104,PRD-015-S,2,41.8,0.05,0,Phone,No
ORD-100042,2025-09-12,CUS-0126,STR-106,PRD-003-T,1,52.04,0.15,0,Phone,No
ORD-100043,2025-10-26,CUS-0127,STR-105,PRD-006-S,4,119.0,0,0,Online,No
ORD-100043,2025-01-10,CUS-0119,STR-102,PRD-008-S,2,18.0,0.1,7.99,Store,No
ORD-100044,2025-06-16,CUS-0155,STR-107,PRD-008-T,1,22.3,0.05,11.99,Online,No
ORD-100044,2025-07-17,CUS-0055,STR-107,PRD-009-T,2,110.27,0.15,0,Phone,No
ORD-100045,2025-09-28,CUS-0014,STR-103,PRD-002-S,1,99.0,0.05,0,Online,No
ORD-100045,2025-02-13,CUS-0242,STR-104,PRD-015-T,3,51.92,0.15,0,Phone,No
ORD-100046,2025-12-14,CUS-0180,STR-103,PRD-008-T,2,21.24,0,7.99,Phone,No
ORD-100046,2025-02-15,CUS-0243,STR-107,PRD-002-T,1,116.82,0.1,0,Phone,No
ORD-100047,2025-03-12,CUS-0051,STR-103,PRD-018-S,1,29.0,0,0,Store,No
ORD-100047,2025-04-16,CUS-0063,STR-106,PRD-004-S,1,25.0,0.05,0,Phone,No
ORD-100048,2025-09-04,CUS-0207,STR-104,PRD-019-T,2,16.81,0.05,0,Store,Yes
ORD-100048,2025-07-03,CUS-0149,STR-103,PRD-012-S,1,20.9,0,4.99,Phone,No
ORD-100049,2025-04-01,CUS-0135,STR-103,PRD-017-T,3,9.44,0.1,11.99,Online,No
ORD-100049,2025-10-24,CUS-0182,STR-105,PRD-005-S,3,52.25,0.05,4.99,Store,No
ORD-100050,2025-11-10,CUS-0155,STR-102,PRD-004-S,2,23.75,0,7.99,Online,No
ORD-100050,2025-04-17,CUS-0209,STR-103,PRD-019-S,4,15.75,0.15,7.99,Store,No
ORD-100051,2025-04-29,CUS-0102,STR-105,PRD-003-T,4,49.56,0.1,7.99,Phone,No
ORD-100051,2025-05-20,CUS-0141,STR-101,PRD-018-S,1,30.45,0,7.99,Store,Yes
ORD-100052,2025-04-20,CUS-0204,STR-104,PRD-003-S,3,42.0,0,4.99,Phone,No
ORD-100052,2025-05-16,CUS-0196,STR-106,PRD-020-S,1,54.0,0,0,Store,No
ORD-100053,2025-09-08,CUS-0147,STR-102,PRD-007-S,1,51.45,0.1,7.99,Online,No
ORD-100053,2025-01-08,CUS-0111,STR-104,PRD-004-T,1,30.98,0,7.99,Online,No
ORD-100054,2025-08-31,CUS-0127,STR-106,PRD-012-T,2,25.96,0.1,7.99,Online,No
ORD-100054,2025-09-30,CUS-0076,STR-104,PRD-005-T,1,68.15,0.15,11.99,Online,No
ORD-100055,2025-03-22,CUS-0025,STR-106,PRD-015-S,2,44.0,0.15,11.99,Store,No
ORD-100055,2025-04-15,CUS-0134,STR-105,PRD-002-S,2,103.95,0,0,Online,Yes
ORD-100056,2025-10-27,CUS-0232,STR-106,PRD-019-T,2,17.7,0.15,0,Online,Yes
ORD-100056,2025-02-28,CUS-0058,STR-102,PRD-001-T,1,223.02,0,4.99,Online,No
ORD-100057,2025-02-23,CUS-0075,STR-103,PRD-015-S,2,44.0,0,11.99,Store,No
ORD-100057,2025-04-18,CUS-0002,STR-101,PRD-007-T,2,57.82,0.15,7.99,Online,No
ORD-100058,2025-03-31,CUS-0220,STR-101,PRD-014-S,1,35.0,0.05,4.99,Phone,No
ORD-100058,2025-11-02,CUS-0085,STR-107,PRD-007-S,1,46.55,,4.99,Online,No
ORD-100059,2025-11-19,CUS-0088,STR-104,PRD-010-T,3,66.14,0.15,4.99,Store,No
ORD-100059,2025-06-21,CUS-0156,STR-103,PRD-017-S,1,8.0,0.15,4.99,Store,No
ORD-100060,2025-02-16,CUS-0096,STR-102,PRD-008-T,2,20.18,0.1,0,Online,Yes
ORD-100060,2025-03-19,CUS-0240,STR-103,PRD-005-T,1,64.9,0.15,11.99,Store,No
ORD-100061,2025-01-02,CUS-0236,STR-103,PRD-019-S,2,15.0,0.1,11.99,Store,No
ORD-100061,2025-12-24,CUS-0167,STR-105,PRD-003-T,2,49.56,0,4.99,Store,No
ORD-100062,2025-02-02,CUS-0020,STR-104,PRD-017-S,1,8.0,0.1,0,Phone,No
ORD-100062,2025-07-18,CUS-0222,STR-103,PRD-006-S,1,119.0,0.1,0,Store,No
ORD-100063,2025-06-03,CUS-0012,STR-107,PRD-001-T,1,223.02,0.05,11.99,Online,No
ORD-100063,2025-11-18,CUS-0225,STR-101,PRD-009-T,1,105.02,0,4.99,Store,No
ORD-100064,2025-07-10,CUS-0032,STR-103,PRD-006-T,3,147.44,0,4.99,Store,No
ORD-100064,2025-10-06,CUS-0058,STR-107,PRD-018-T,1,32.51,0.15,0,Store,No
ORD-100065,2025-09-12,CUS-0026,STR-104,PRD-004-S,1,25.0,0,11.99,Online,No
ORD-100065,2025-05-13,CUS-0143,STR-104,PRD-007-S,2,46.55,0.05,4.99,Phone,No
ORD-100066,2025-03-01,CUS-0097,STR-106,PRD-003-S,1,42.0,0.15,0,Online,No
ORD-100066,2025-05-12,CUS-0228,STR-102,PRD-006-S,1,119.0,0.1,0,Phone,No
ORD-100067,2025-07-11,CUS-0181,STR-104,PRD-004-S,3,25.0,0,0,Store,No
ORD-100067,2025-10-05,CUS-0222,STR-105,PRD-009-T,3,99.77,0,0,Store,No
ORD-100068,2025-03-21,CUS-0146,STR-102,PRD-014-S,2,35.0,0.05,4.99,Online,No
ORD-100068,2025-03-20,CUS-0041,STR-102,PRD-016-S,4,12.0,0,0,Store,No
ORD-100069,2025-02-08,CUS-0126,STR-105,PRD-006-S,2,113.05,0,0,Store,No
ORD-100069,2025-04-30,CUS-0103,STR-104,PRD-004-T,2,29.5,0.05,7.99,Phone,No
ORD-100070,2025-11-20,CUS-0111,STR-102,PRD-003-S,1,42.0,0,0,Store,No
ORD-100070,2025-04-12,CUS-0218,STR-104,PRD-019-T,2,18.59,0,0,Online,No
ORD-100071,2025-06-24,CUS-0078,STR-105,PRD-008-S,2,18.0,0,4.99,Phone,No
ORD-100071,2025-12-03,CUS-0242,STR-101,PRD-001-S,4,189.0,0,0,Phone,No
ORD-100072,2025-09-07,CUS-0067,STR-104,PRD-020-T,2,63.72,0.1,11.99,Online,No
ORD-100072,2025-02-15,CUS-0195,STR-102,PRD-005-S,1,57.75,0.05,4.99,Phone,No
ORD-100073,2025-01-05,CUS-0139,STR-106,PRD-008-S,1,17.1,0,11.99,Store,No
ORD-100073,2025-06-07,CUS-0209,STR-104,PRD-018-T,5,34.22,0.15,0,Store,No
ORD-100074,2025-12-30,CUS-0070,STR-103,PRD-007-S,2,46.55,0,7.99,Phone,No
ORD-100074,2025-07-24,CUS-0066,STR-101,PRD-008-T,1,21.24,0.05,11.99,Phone,No
ORD-100075,2025-12-10,CUS-0154,STR-104,PRD-001-S,1,179.55,0.05,0,Phone,No
ORD-100075,2025-07-24,CUS-0133,STR-101,PRD-004-T,2,29.5,0.15,0,Phone,Yes
ORD-100076,2025-04-01,CUS-0160,STR-105,PRD-002-T,1,116.82,0.1,0,Store,No
ORD-100076,2025-03-22,CUS-0194,STR-107,PRD-018-T,1,34.22,0.1,11.99,Online,No
ORD-100077,2025-08-04,CUS-0058,STR-101,PRD-008-S,1,18.9,0.1,7.99,Phone,No
ORD-100077,2025-08-28,CUS-0219,STR-106,PRD-014-S,2,36.75,0,7.99,Online,No
ORD-100078,2025-09-20,CUS-0113,STR-107,PRD-006-T,2,140.42,0,4.99,Store,No
ORD-100078,2025-05-04,CUS-0006,STR-101,PRD-019-S,2,14.25,0,4.99,Online,No
ORD-100079,2025-10-08,CUS-0062,STR-102,PRD-020-S,3,56.7,0.15,4.99,Store,No
ORD-100079,2025-02-21,CUS-0154,STR-106,PRD-001-S,1,189.0,0.05,0,Phone,No
ORD-100080,2025-08-16,CUS-0077,STR-102,PRD-017-T,2,9.44,0.15,11.99,Store,No
ORD-100080,2025-04-21,CUS-0018,STR-101,PRD-003-S,2,42.0,0,4.99,Online,No
ORD-100081,2025-12-14,CUS-0161,STR-102,PRD-003-T,2,47.08,0,11.99,Online,No
ORD-100081,2025-11-15,CUS-0132,STR-101,PRD-019-T,1,17.7,0,0,Store,No
ORD-100082,2025-07-27,CUS-0007,STR-104,PRD-002-S,2,99.0,0,11.99,Online,No
ORD-100082,2025-06-19,CUS-0202,STR-102,PRD-006-S,1,119.0,0.05,0,Store,No
ORD-100083,2025-07-17,CUS-0207,STR-102,PRD-011-S,1,34.0,0.15,11.99,Online,No
ORD-100083,2025-03-21,CUS-0169,STR-106,PRD-005-S,1,55.0,0,0,Phone,No
ORD-100084,2025-05-25,CUS-0229,STR-101,PRD-004-T,2,29.5,0,0,Store,No
ORD-100084,2025-01-20,CUS-0027,STR-105,PRD-013-T,2,18.88,0.1,0,Store,No
ORD-100085,2025-04-05,CUS-0169,STR-101,PRD-020-S,1,51.3,0,7.99,Phone,No
ORD-100085,2025-01-10,CUS-0193,STR-105,PRD-014-S,3,33.25,0,4.99,Online,No
ORD-100086,2025-12-02,CUS-0052,STR-103,PRD-015-T,3,54.52,0.15,11.99,Online,No
ORD-100086,2025-09-19,CUS-0006,STR-106,PRD-011-S,2,34.0,0.15,11.99,Online,No
ORD-100087,2025-06-08,CUS-0170,STR-104,PRD-014-T,4,41.3,0.15,11.99,Store,No
ORD-100087,2025-10-09,CUS-0237,STR-107,PRD-017-S,1,8.0,0,4.99,Online,No
ORD-100088,2025-03-13,CUS-0203,STR-104,PRD-012-T,1,25.96,0.05,4.99,Online,No
ORD-100088,2025-10-02,CUS-0019,STR-104,PRD-014-T,1,41.3,0.1,11.99,Phone,No
ORD-100089,2025-02-07,CUS-0114,STR-104,PRD-020-T,1,60.53,0.15,11.99,Phone,No
ORD-100089,2025-12-25,CUS-0195,STR-103,PRD-018-S,1,30.45,0.05,11.99,Online,No
ORD-100090,2025-08-24,CUS-0229,STR-106,PRD-001-S,1,179.55,0.1,4.99,Store,No
ORD-100090,2025-03-10,CUS-0188,STR-101,PRD-020-T,1,63.72,0.05,0,Online,No
ORD-100091,2025-07-03,CUS-0217,STR-102,PRD-005-T,1,68.15,0,4.99,Online,No
ORD-100091,2025-11-01,CUS-0117,STR-101,PRD-008-T,1,22.3,0.05,0,Store,No
ORD-100092,2025-11-15,CUS-0068,STR-107,PRD-013-S,2,16.8,0.05,7.99,Phone,No
ORD-100092,2025-09-26,CUS-0017,STR-106,PRD-017-S,1,8.4,0,0,Phone,No
ORD-100093,2025-02-26,CUS-0109,STR-101,PRD-020-T,3,63.72,0.05,0,Phone,No
ORD-100093,2025-10-07,CUS-0202,STR-102,PRD-006-T,3,133.4,0,11.99,Online,No
ORD-100094,2025-05-05,CUS-0159,STR-106,PRD-020-T,1,60.53,0.15,11.99,Online,No
ORD-100094,2025-04-25,CUS-0154,STR-105,PRD-008-T,3,21.24,0.15,7.99,Phone,No
ORD-100095,2025-11-22,CUS-0091,STR-103,PRD-005-T,2,64.9,0.1,0,Online,No
ORD-100095,2025-05-26,CUS-0232,STR-101,PRD-008-T,2,20.18,0.05,4.99,Store,No
ORD-100096,2025-11-15,CUS-0054,STR-103,PRD-008-T,3,20.18,0.1,7.99,Store,No
ORD-100096,2025-04-13,CUS-0203,STR-106,PRD-006-T,4,133.4,0.05,0,Store,No
ORD-100097,2025-08-19,CUS-0115,STR-104,PRD-017-T,2,9.91,0,0,Phone,No
ORD-100097,2025-01-17,CUS-0194,STR-104,PRD-006-T,2,133.4,0.15,0,Phone,No
ORD-100098,2025-10-05,CUS-0118,STR-102,PRD-004-T,2,30.98,0,0,Phone,No
ORD-100098,2025-10-15,CUS-0067,STR-102,PRD-007-T,1,60.71,0,0,Phone,No
ORD-100099,2025-11-02,CUS-0162,STR-101,PRD-015-S,3,44.0,0.15,11.99,Store,No
ORD-100099,2025-03-29,CUS-0246,STR-106,PRD-020-T,1,63.72,0.05,4.99,Online,Yes
ORD-100100,2025-02-04,CUS-0042,STR-106,PRD-011-S,2,34.0,0.15,4.99,Online,No
ORD-100100,2025-05-04,CUS-0243,STR-101,PRD-002-T,2,122.66,0.05,11.99,Store,No
ORD-100101,2025-03-07,CUS-0070,STR-104,PRD-003-S,4,44.1,0.05,11.99,STORE,No
ORD-100101,2025-07-21,CUS-0242,STR-105,PRD-019-S,2,15.0,0.05,7.99,Online,No
ORD-100102,2025-09-09,CUS-0205,STR-104,PRD-009-T,1,99.77,0.05,4.99,Phone,No
ORD-100102,2025-05-23,CUS-0171,STR-101,PRD-017-S,5,8.4,0,11.99,Store,No
ORD-100103,2025-11-18,CUS-0124,STR-107,PRD-014-T,1,39.23,0,0,Online,No
ORD-100103,2025-11-09,CUS-0079,STR-101,PRD-004-T,1,28.02,0,11.99,Phone,No
ORD-100104,2025-10-24,CUS-0215,STR-101,PRD-008-S,2,18.0,0.05,7.99,Store,No
ORD-100104,2025-05-18,CUS-0099,STR-107,PRD-001-T,3,223.02,0.15,0,Store,No
ORD-100105,2025-02-28,CUS-0134,STR-101,PRD-007-S,2,49.0,0.1,7.99,Online,No
ORD-100105,2025-01-16,CUS-0038,STR-103,PRD-004-S,3,23.75,0,0,Online,No
ORD-100106,2025-06-26,CUS-0142,STR-101,PRD-012-S,4,22.0,0.1,0,Phone,No
ORD-100106,2025-11-22,CUS-0172,STR-101,PRD-014-T,2,43.37,0.1,7.99,Store,Yes
ORD-100107,2025-12-07,CUS-0085,STR-102,PRD-007-T,3,57.82,0,0,Phone,No
ORD-100107,2025-06-24,CUS-0131,STR-101,PRD-017-T,1,9.44,0.05,0,Store,No
ORD-100108,2025-11-09,CUS-0027,STR-105,PRD-001-S,1,189.0,0,4.99,Online,No
ORD-100108,2025-07-05,CUS-0145,STR-105,PRD-003-S,1,42.0,0,7.99,Phone,No
ORD-100109,2025-10-20,CUS-0078,STR-102,PRD-007-T,4,54.93,0,4.99,Phone,No
ORD-100109,2025-09-25,CUS-0084,STR-107,PRD-011-T,2,38.11,0.15,11.99,Phone,No
ORD-100110,2025-04-23,CUS-0157,STR-101,PRD-020-T,3,63.72,0.05,7.99,Store,No
ORD-100110,2025-08-25,CUS-0017,STR-101,PRD-010-S,4,59.0,0.1,0,Online,No
ORD-100111,2025-06-05,CUS-0247,STR-101,PRD-011-S,5,34.0,0.1,0,Store,No
ORD-100111,2025-07-24,CUS-0026,STR-103,PRD-003-T,1,49.56,0.1,11.99,Store,No
ORD-100112,2025-08-14,CUS-0190,STR-102,PRD-013-S,2,16.0,0.1,11.99,Online,No
ORD-100112,2025-06-05,CUS-0237,STR-107,PRD-014-S,1,35.0,0.15,4.99,Store,No
ORD-100113,2025-11-28,CUS-0246,STR-106,PRD-004-T,1,28.02,0.05,4.99,Online,No
ORD-100113,2025-12-08,CUS-0041,STR-106,PRD-010-T,2,69.62,0.15,0,Online,No
ORD-100114,2025-11-09,CUS-0067,STR-101,PRD-004-S,1,23.75,0.15,4.99,Store,No
ORD-100114,2025-06-30,CUS-0070,STR-107,PRD-008-S,1,18.0,0.1,0,Store,No
ORD-100115,2025-11-19,CUS-0126,STR-107,PRD-018-T,1,32.51,0.1,4.99,Store,No
ORD-100115,2025-05-18,CUS-0160,STR-101,PRD-017-S,2,7.6,0.15,11.99,Store,No
ORD-100116,2025-10-28,CUS-0103,STR-104,PRD-002-T,2,116.82,0.15,0,Online,No
ORD-100116,2025-10-24,CUS-0153,STR-101,PRD-013-S,1,16.8,0,0,Store,No
ORD-100117,2025-03-24,CUS-0109,STR-103,PRD-012-T,1,24.66,0.05,7.99,Online,No
ORD-100117,2025-08-22,CUS-0188,STR-103,PRD-005-S,4,52.25,0,4.99,Store,No
ORD-100118,2025-03-17,CUS-0029,STR-103,PRD-012-S,2,22.0,0.15,11.99,Phone,No
ORD-100118,2025-07-18,CUS-0075,STR-105,PRD-018-S,1,29.0,0,7.99,Online,No
ORD-100119,2025-08-02,CUS-0087,STR-106,PRD-014-S,2,33.25,0.1,4.99,Online,Yes
ORD-100119,2025-06-22,CUS-0118,STR-105,PRD-001-S,1,198.45,0.1,4.99,Online,No
ORD-100120,2025-01-09,CUS-0096,STR-106,PRD-020-T,3,66.91,0,0,Store,No
ORD-100120,2025-01-25,CUS-0184,STR-107,PRD-011-S,1,34.0,0.05,0,Phone,No
ORD-100121,2025-09-18,CUS-0153,STR-105,PRD-017-S,1,8.0,0.05,4.99,Online,No
ORD-100121,2025-10-31,CUS-0250,STR-102,PRD-006-T,2,147.44,0.1,0,Phone,No
ORD-100122,2025-03-17,CUS-0001,STR-103,PRD-019-S,2,15.0,0,0,Phone,No
ORD-100122,2025-04-05,CUS-0243,STR-107,PRD-006-T,2,140.42,0.1,0,Store,No
ORD-100123,2025-10-16,CUS-0218,STR-105,PRD-002-T,3,116.82,0.1,0,Phone,No
ORD-100123,2025-02-16,CUS-0126,STR-105,PRD-018-S,2,27.55,0.1,4.99,Phone,No
ORD-100124,2025-05-20,CUS-0050,STR-106,PRD-002-S,2,99.0,0.15,0,Online,No
ORD-100124,2025-10-07,CUS-0151,STR-103,PRD-004-S,1,26.25,0.1,0,Online,No
ORD-100125,2025-08-17,CUS-0012,STR-101,PRD-001-T,2,211.87,0.05,4.99,Phone,No
ORD-100125,2025-03-21,CUS-0143,STR-101,PRD-007-T,2,60.71,0.05,0,Store,No
ORD-100126,2025-07-24,CUS-0019,STR-105,PRD-018-T,2,34.22,0.05,7.99,Phone,No
ORD-100126,2025-01-18,CUS-0249,STR-106,PRD-007-S,1,49.0,0.05,7.99,Online,No
ORD-100127,2025-07-24,CUS-0189,STR-103,PRD-007-T,1,60.71,0,0,Phone,No
ORD-100127,2025-04-22,CUS-0219,STR-105,PRD-008-S,1,17.1,0.05,0,Phone,No
ORD-100128,2025-12-19,CUS-0185,STR-101,PRD-019-S,1,15.0,0.15,4.99,Phone,No
ORD-100128,2025-03-22,CUS-0239,STR-103,PRD-009-T,3,99.77,0.05,0,Store,No
ORD-100129,2025-06-17,CUS-0101,STR-105,PRD-020-S,1,54.0,0,7.99,Phone,No
ORD-100129,2025-02-03,CUS-0044,STR-106,PRD-013-T,2,17.94,0,0,Phone,No
ORD-100130,2025-08-24,CUS-0185,STR-102,PRD-009-T,4,110.27,0.15,4.99,Phone,No
ORD-100130,2025-06-10,CUS-0199,STR-107,PRD-013-T,2,17.94,0.05,11.99,Phone,No
ORD-100131,2025-04-13,CUS-0077,STR-104,PRD-009-T,5,110.27,0.1,7.99,Online,No
ORD-100131,2025-02-02,CUS-0215,STR-102,PRD-005-S,2,57.75,0.1,0,Store,No
ORD-100132,2025-04-05,CUS-0032,STR-106,PRD-012-T,3,27.26,0.05,0,Online,No
ORD-100132,2025-05-13,CUS-0184,STR-102,PRD-008-T,2,21.24,0,0,Online,No
ORD-100133,2025-12-26,CUS-0109,STR-102,PRD-001-T,3,223.02,0.05,4.99,Phone,No
ORD-100133,2025-03-28,CUS-0222,STR-101,PRD-020-S,1,54.0,0,11.99,Online,No
ORD-100134,2025-04-23,CUS-0130,STR-107,PRD-008-T,1,21.24,0.15,0,Phone,No
ORD-100134,2025-07-03,CUS-0092,STR-104,PRD-013-S,1,15.2,0.05,0,Store,No
ORD-100135,2025-03-14,CUS-0074,STR-101,PRD-014-T,2,41.3,0.15,4.99,Store,No
ORD-100135,2025-10-30,CUS-0017,STR-104,PRD-010-S,4,61.95,0.1,11.99,Store,No
ORD-100136,2025-04-14,CUS-0175,STR-101,PRD-019-S,1,15.0,0,4.99,Phone,No
ORD-100136,2025-11-11,CUS-0219,STR-106,PRD-015-T,2,49.32,0.1,7.99,Online,No
ORD-100137,2025-10-12,CUS-0189,STR-105,PRD-020-S,3,54.0,0,4.99,Phone,No
ORD-100137,2025-12-20,CUS-0236,STR-103,PRD-004-T,1,30.98,0.05,4.99,Online,Yes
ORD-100138,2025-08-21,CUS-0160,STR-102,PRD-013-S,2,16.0,0,11.99,Phone,No
ORD-100138,2025-06-20,CUS-0045,STR-107,PRD-004-T,1,30.98,0.1,11.99,Online,No
ORD-100139,2025-01-13,CUS-0127,STR-101,PRD-018-S,2,27.55,0.05,0,Online,No
ORD-100139,2025-09-12,CUS-0083,STR-106,PRD-008-S,1,17.1,0.1,0,Online,No
ORD-100140,2025-09-09,CUS-0007,STR-103,PRD-010-S,3,59.0,0.15,0,Online,No
ORD-100140,2025-01-01,CUS-0010,STR-104,PRD-005-S,1,55.0,0.15,0,Phone,No
ORD-100141,2025-07-28,CUS-0036,STR-102,PRD-002-S,2,99.0,0,0,Online,Yes
ORD-100141,2025-04-12,CUS-0123,STR-103,PRD-009-T,1,105.02,0,11.99,Store,No
ORD-100142,2025-05-29,CUS-0007,STR-102,PRD-020-T,2,66.91,0.15,0,Online,No
ORD-100142,2025-11-04,CUS-0165,STR-107,PRD-005-S,1,57.75,0,0,Store,Yes
ORD-100143,2025-07-19,CUS-0010,STR-102,PRD-006-T,4,140.42,0,11.99,Phone,No
ORD-100143,2025-05-02,CUS-0226,STR-101,PRD-014-S,1,35.0,0.1,0,Online,No
ORD-100144,2025-05-22,CUS-0049,STR-103,PRD-008-S,2,17.1,0.1,0,Online,No
ORD-100144,2025-02-09,CUS-0049,STR-103,PRD-012-T,3,25.96,0,11.99,Online,No
ORD-100145,2025-08-21,CUS-0141,STR-102,PRD-016-T,1,14.16,0.05,0,Phone,No
ORD-100145,2025-03-15,CUS-0115,STR-106,PRD-014-T,1,41.3,0.1,11.99,Phone,No
ORD-100146,2025-09-15,CUS-0002,STR-106,PRD-018-S,1,30.45,0.15,7.99,Store,No
ORD-100146,2025-05-07,CUS-0145,STR-104,PRD-019-S,3,15.0,0.15,11.99,Online,No
ORD-100147,2025-03-17,CUS-0075,STR-105,PRD-018-T,1,35.93,0,11.99,Store,No
ORD-100147,2025-04-26,CUS-0036,STR-106,PRD-005-T,3,68.15,0.05,4.99,Phone,No
ORD-100148,2025-07-17,CUS-0022,STR-104,PRD-007-T,4,54.93,0,0,Store,No
ORD-100148,2025-11-01,CUS-0131,STR-106,PRD-008-T,1,21.24,0.15,0,Online,No
ORD-100149,2025-01-01,CUS-0132,STR-106,PRD-015-S,1,46.2,0.15,4.99,Online,No
ORD-100149,2025-03-30,CUS-0201,STR-102,PRD-010-S,1,59.0,0.1,4.99,Store,No
ORD-100150,2025-11-16,CUS-0223,STR-103,PRD-018-T,3,32.51,0.15,0,Store,No
ORD-100150,2025-12-15,CUS-0015,STR-105,PRD-005-S,5,55.0,0,7.99,Store,No
ORD-100151,2025-10-04,CUS-0039,STR-105,PRD-008-T,2,21.24,0,11.99,Online,No
ORD-100151,2025-09-22,CUS-0055,STR-105,PRD-020-T,1,63.72,0.1,0,Phone,No
ORD-100152,2025-03-25,CUS-0230,STR-103,PRD-018-T,3,32.51,0.1,11.99,Online,No
ORD-100152,2025-10-25,CUS-0136,STR-105,PRD-008-S,1,17.1,0.15,0,Online,No
ORD-100153,2025-08-28,CUS-0213,STR-104,PRD-009-T,2,105.02,0,11.99,Online,No
ORD-100153,2025-09-04,CUS-0243,STR-101,PRD-007-T,1,57.82,0,0,Online,No
ORD-100154,2025-12-17,CUS-0089,STR-103,PRD-019-S,1,15.75,0,7.99,Online,No
ORD-100154,2025-08-30,CUS-0134,STR-101,PRD-018-T,1,34.22,0,0,Store,No
ORD-100155,2025-05-24,CUS-0022,STR-102,PRD-014-S,4,35.0,0.15,4.99,Online,No
ORD-100155,2025-04-09,CUS-0029,STR-103,PRD-006-T,1,133.4,0.1,0,Store,No
ORD-100156,2025-12-17,CUS-0043,STR-103,PRD-004-T,2,29.5,0,0,Store,No
ORD-100156,2025-05-17,CUS-0069,STR-105,PRD-012-S,1,20.9,0,0,Online,No
ORD-100157,2025-09-20,CUS-0087,STR-102,PRD-015-T,5,51.92,0.15,11.99,Phone,No
ORD-100157,2025-12-30,CUS-0102,STR-102,PRD-017-S,2,8.4,0,0,Store,No
ORD-100158,2025-06-10,CUS-0180,STR-103,PRD-008-T,3,22.3,0.1,7.99,Phone,No
ORD-100158,2025-05-03,CUS-0240,STR-103,PRD-012-S,2,22.0,0.1,11.99,Online,No
ORD-100159,2025-01-07,CUS-0243,STR-107,PRD-006-T,2,147.44,0.1,7.99,Store,Yes
ORD-100159,2025-01-08,CUS-0067,STR-102,PRD-010-T,3,69.62,0.15,11.99,Online,No
ORD-100160,2025-09-09,CUS-0054,STR-101,PRD-013-S,1,16.8,0,0,Online,No
ORD-100160,2025-11-21,CUS-0214,STR-102,PRD-003-S,1,42.0,0.05,0,Phone,Yes
ORD-100161,2025-07-28,CUS-0135,STR-106,PRD-016-S,2,11.4,0,11.99,Store,No
ORD-100161,2025-08-20,CUS-0140,STR-107,PRD-010-T,2,69.62,0.1,0,Store,No
ORD-100162,2025-11-11,CUS-0088,STR-104,PRD-007-S,1,46.55,0,7.99,Online,No
ORD-100162,2025-01-17,CUS-0206,STR-107,PRD-006-S,1,113.05,0.05,0,Online,No
ORD-100163,2025-03-30,CUS-0022,STR-103,PRD-019-T,1,17.7,0,7.99,Phone,No
ORD-100163,2025-03-10,CUS-0219,STR-106,PRD-006-T,1,133.4,0.15,7.99,Store,No
ORD-100164,2025-03-18,CUS-0220,STR-102,PRD-001-S,2,179.55,0.1,11.99,Store,No
ORD-100164,2025-09-19,CUS-0250,STR-104,PRD-002-S,3,103.95,0,0,Phone,No
ORD-100165,2025-10-15,CUS-0137,STR-104,PRD-002-S,2,94.05,0.05,0,Store,No
ORD-100165,2025-02-17,CUS-0250,STR-104,PRD-009-T,1,105.02,0,11.99,Phone,No
ORD-100166,2025-05-18,CUS-0031,STR-101,PRD-006-T,2,147.44,0,7.99,Phone,No
ORD-100166,2025-02-09,CUS-0068,STR-107,PRD-002-S,3,103.95,0.05,11.99,Store,No
ORD-100167,2025-08-24,CUS-0023,STR-101,PRD-002-T,1,122.66,0,0,Online,Yes
ORD-100167,2025-02-20,CUS-0185,STR-104,PRD-006-T,2,147.44,0.05,0,Phone,No
ORD-100168,2025-03-09,CUS-0011,STR-107,PRD-014-S,1,36.75,0,0,Store,No
ORD-100168,2025-09-25,CUS-0024,STR-103,PRD-008-S,2,18.0,0.15,0,Store,No
ORD-100169,2025-10-18,CUS-0104,STR-106,PRD-009-T,1,105.02,0.05,7.99,Online,No
ORD-100169,2025-09-23,CUS-0225,STR-107,PRD-009-S,1,89.0,0,0,Online,Yes
ORD-100170,2025-07-19,CUS-0068,STR-101,PRD-005-S,1,52.25,0,0,Phone,No
ORD-100170,2025-04-07,CUS-0089,STR-105,PRD-009-T,5,99.77,0,11.99,Online,No
ORD-100171,2025-01-30,CUS-0235,STR-102,PRD-014-T,1,43.37,0.1,0,Online,No
ORD-100171,2025-06-24,CUS-0019,STR-103,PRD-008-T,4,21.24,0.15,0,Online,No
ORD-100172,2025-01-01,CUS-0235,STR-106,PRD-004-S,1,25.0,0.1,0,Store,No
ORD-100172,2025-11-09,CUS-0118,STR-104,PRD-016-S,2,12.0,0.05,0,Online,No
ORD-100173,2025-08-17,CUS-0001,STR-104,PRD-008-S,1,18.9,0,11.99,Online,No
ORD-100173,2025-04-14,CUS-0189,STR-103,PRD-016-T,2,14.87,0.05,0,Store,No
ORD-100174,2025-03-21,CUS-0045,STR-104,PRD-011-S,2,32.3,0.05,4.99,Phone,No
ORD-100174,2025-04-12,CUS-0097,STR-107,PRD-006-T,3,133.4,0.05,0,Store,No
ORD-100175,2025-10-10,CUS-0107,STR-106,PRD-011-T,1,42.13,0.05,4.99,Online,No
ORD-100175,2025-09-01,CUS-0065,STR-107,PRD-005-S,4,52.25,0.1,0,Store,No
ORD-100176,2025-07-24,CUS-0026,STR-105,PRD-020-S,1,54.0,0.15,7.99,Store,No
ORD-100176,2025-12-12,CUS-0125,STR-102,PRD-004-T,3,29.5,0.05,4.99,Online,No
ORD-100177,2025-06-09,CUS-0156,STR-103,PRD-017-T,1,9.91,0.15,7.99,Store,No
ORD-100177,2025-12-18,CUS-0089,STR-101,PRD-014-T,1,41.3,0,7.99,Store,No
ORD-100178,2025-10-18,CUS-0245,STR-101,PRD-017-S,1,7.6,0,11.99,Online,No
ORD-100178,2025-04-14,CUS-0220,STR-105,PRD-008-S,4,17.1,0.05,7.99,Online,No
ORD-100179,2025-04-07,CUS-0245,STR-107,PRD-008-T,2,21.24,0,0,Store,No
ORD-100179,2025-04-20,CUS-0186,STR-102,PRD-011-T,4,38.11,0,4.99,Store,No
ORD-100180,2025-04-23,CUS-0138,STR-101,PRD-010-S,2,59.0,0,11.99,Phone,No
ORD-100180,2025-09-12,CUS-0043,STR-103,PRD-008-S,1,18.0,0.05,7.99,Store,No
ORD-100181,2025-11-08,CUS-0056,STR-101,PRD-002-S,1,99.0,0.05,7.99,Online,No
ORD-100181,2025-07-19,CUS-0196,STR-102,PRD-018-T,2,35.93,0.05,11.99,Phone,No
ORD-100182,2025-04-26,CUS-0022,STR-101,PRD-013-S,2,16.0,0,0,Phone,No
ORD-100182,2025-03-19,CUS-0186,STR-103,PRD-007-T,2,57.82,0.05,0,Online,No
ORD-100183,2025-07-08,CUS-0027,STR-103,PRD-015-T,1,51.92,0.05,4.99,Phone,No
ORD-100183,2025-12-29,CUS-0132,STR-101,PRD-013-S,2,15.2,0,0,Store,No
ORD-100184,2025-05-19,CUS-0041,STR-103,PRD-013-S,1,15.2,0,4.99,Phone,No
ORD-100184,2025-04-01,CUS-0163,STR-105,PRD-017-T,3,9.44,0.05,0,Phone,No
ORD-100185,2025-02-22,CUS-0124,STR-105,PRD-008-S,1,18.0,0.05,0,Store,No
ORD-100185,2025-12-22,CUS-0189,STR-101,PRD-017-S,1,8.0,0,0,Online,No
ORD-100186,2025-05-14,CUS-0181,STR-103,PRD-013-S,2,16.8,0,7.99,Online,No
ORD-100186,2025-06-12,CUS-0128,STR-101,PRD-008-T,3,21.24,0.15,7.99,Store,No
ORD-100187,2025-02-12,CUS-0139,STR-106,PRD-007-S,1,46.55,0.1,0,Store,No
ORD-100187,2025-07-02,CUS-0127,STR-101,PRD-020-S,4,54.0,0,7.99,Store,No
ORD-100188,2025-09-12,CUS-0038,STR-104,PRD-018-T,3,34.22,0.05,7.99,Online,No
ORD-100188,2025-09-03,CUS-0080,STR-105,PRD-006-S,2,124.95,0.15,0,Phone,No
ORD-100189,2025-09-27,CUS-0002,STR-106,PRD-019-T,2,17.7,0.15,11.99,Phone,No
ORD-100189,2025-01-16,CUS-0090,STR-102,PRD-004-S,4,23.75,0.15,7.99,Store,No
ORD-100190,2025-02-05,CUS-0098,STR-102,PRD-020-S,3,51.3,0.1,0,Store,No
ORD-100190,2025-11-06,CUS-0096,STR-106,PRD-001-T,2,234.17,0.1,11.99,Online,No
ORD-100191,2025-05-19,CUS-0182,STR-102,PRD-014-T,2,39.23,0.15,4.99,Phone,No
ORD-100191,2025-04-21,CUS-0050,STR-104,PRD-010-T,1,73.1,0,4.99,Online,No
ORD-100192,2025-02-16,CUS-0208,STR-104,PRD-007-S,2,46.55,0.1,0,Store,No
ORD-100192,2025-06-10,CUS-0079,STR-106,PRD-016-S,1,12.6,0,4.99,Online,No
ORD-100193,2025-02-13,CUS-0034,STR-107,PRD-017-S,2,8.0,0.1,0,Store,No
ORD-100193,2025-02-05,CUS-0157,STR-105,PRD-002-S,1,99.0,0,4.99,Online,No
ORD-100194,2025-03-26,CUS-0225,STR-107,PRD-002-T,1,116.82,0,0,Online,No
ORD-100194,2025-02-15,CUS-0098,STR-101,PRD-002-S,5,103.95,0.1,7.99,Phone,No
ORD-100195,2025-05-30,CUS-0001,STR-105,PRD-006-T,1,147.44,0.05,7.99,Store,No
ORD-100195,2025-03-19,CUS-0223,STR-101,PRD-012-T,1,24.66,0,4.99,Phone,No
ORD-100196,2025-06-03,CUS-0064,STR-105,PRD-001-S,1,189.0,0,11.99,Online,No
ORD-100196,2025-08-31,CUS-0167,STR-106,PRD-003-T,2,52.04,0.15,11.99,Online,No
ORD-100197,2025-04-20,CUS-0089,STR-105,PRD-014-S,1,35.0,0.1,11.99,Store,No
ORD-100197,2025-10-20,CUS-0146,STR-101,PRD-001-S,2,189.0,0.1,4.99,Phone,No
ORD-100198,2025-04-25,CUS-0119,STR-104,PRD-017-T,2,8.97,0,0,Store,No
ORD-100198,2025-12-13,CUS-0170,STR-102,PRD-008-S,2,18.0,0,4.99,Online,Yes
ORD-100199,2025-02-23,CUS-0248,STR-103,PRD-004-S,3,25.0,0,4.99,Online,No
ORD-100199,2025-11-05,CUS-0223,STR-101,PRD-013-S,1,15.2,0,11.99,Phone,No
ORD-100200,2025-09-05,CUS-0063,STR-104,PRD-010-T,3,69.62,0,11.99,Store,No
ORD-100200,2025-05-19,CUS-0233,STR-101,PRD-004-S,1,25.0,0,7.99,Phone,Yes
ORD-100201,2025-08-16,CUS-0126,STR-104,PRD-005-S,1,57.75,0.1,0,Phone,No
ORD-100201,2025-09-26,CUS-0004,STR-103,PRD-004-S,1,26.25,0,11.99,Store,No
ORD-100202,2025-09-06,CUS-0093,STR-102,PRD-018-S,1,29.0,0,4.99,Online,Yes
ORD-100202,2025-03-09,CUS-0043,STR-103,PRD-019-S,3,15.0,0.15,4.99,Store,No
ORD-100203,2025-03-12,CUS-0007,STR-106,PRD-018-T,1,34.22,0,0,Phone,No
ORD-100203,2025-09-08,CUS-0190,STR-101,PRD-003-S,3,42.0,0.15,0,Store,No
ORD-100204,2025-08-16,CUS-0019,STR-101,PRD-017-T,3,9.44,0,7.99,Phone,No
ORD-100204,2025-12-20,CUS-0197,STR-101,PRD-016-T,2,14.16,0.15,0,Phone,No
ORD-100205,2025-12-12,CUS-0109,STR-102,PRD-015-T,1,54.52,0,0,Store,No
ORD-100205,2025-11-15,CUS-0011,STR-106,PRD-006-S,1,124.95,0.1,0,Online,No
ORD-100206,2025-08-30,CUS-0156,STR-104,PRD-002-S,2,94.05,0,11.99,Phone,No
ORD-100206,2025-05-17,CUS-0195,STR-101,PRD-010-T,2,73.1,0,4.99,Online,No
ORD-100207,2025-02-05,CUS-0142,STR-105,PRD-006-S,2,119.0,0.15,0,Phone,Yes
ORD-100207,2025-08-04,CUS-0179,STR-106,PRD-007-S,3,46.55,0,7.99,Online,No
ORD-100208,2025-12-02,CUS-0068,STR-105,PRD-016-S,1,11.4,0.05,7.99,Store,No
ORD-100208,2025-03-10,CUS-0247,STR-107,PRD-001-T,3,223.02,0,4.99,Online,Yes
ORD-100209,2025-06-13,CUS-0161,STR-105,PRD-017-S,1,8.0,0,7.99,Phone,No
ORD-100209,2025-07-02,CUS-0250,STR-102,PRD-020-T,2,60.53,0.15,11.99,Phone,No
ORD-100210,2025-11-14,CUS-0036,STR-101,PRD-008-S,4,18.0,0,7.99,Online,No
ORD-100210,2025-01-09,CUS-0059,STR-104,PRD-003-T,2,52.04,0,0,Online,No
ORD-100211,2025-10-22,CUS-0026,STR-103,PRD-008-T,1,22.3,0.05,4.99,Phone,No
ORD-100211,2025-06-23,CUS-0230,STR-107,PRD-012-S,1,23.1,0.1,0,Phone,No
ORD-100212,2025-05-24,CUS-0101,STR-105,PRD-005-S,1,55.0,0.15,7.99,Phone,No
ORD-100212,2025-07-23,CUS-0232,STR-102,PRD-012-T,1,25.96,0,0,Store,No
ORD-100213,2025-04-23,CUS-0116,STR-106,PRD-009-T,2,99.77,0,11.99,Store,No
ORD-100213,2025-12-25,CUS-0187,STR-105,PRD-010-T,2,66.14,0.1,0,Online,No
ORD-100214,2025-01-31,CUS-0239,STR-101,PRD-015-T,1,51.92,0,4.99,Phone,No
ORD-100214,2025-11-15,CUS-0023,STR-102,PRD-005-S,2,52.25,0.15,11.99,Phone,Yes
ORD-100215,2025-11-03,CUS-0201,STR-104,PRD-001-S,3,179.55,0.15,11.99,Store,No
ORD-100215,2025-12-13,CUS-0013,STR-102,PRD-020-T,2,60.53,0.1,4.99,Online,No
ORD-100216,2025-04-04,CUS-0247,STR-102,PRD-009-S,4,89.0,0.1,0,Phone,No
ORD-100216,2025-02-17,CUS-0228,STR-107,PRD-006-S,1,113.05,0.15,0,Store,No
ORD-100217,2025-08-18,CUS-0050,STR-103,PRD-012-T,1,25.96,0,0,Online,No
ORD-100217,2025-07-17,CUS-0228,STR-107,PRD-020-T,4,66.91,0,7.99,Online,No
ORD-100218,2025-05-26,CUS-0066,STR-107,PRD-007-S,4,46.55,0.15,7.99,Online,No
ORD-100218,2025-04-26,CUS-0050,STR-104,PRD-009-S,2,93.45,0.15,4.99,Online,No
ORD-100219,2025-09-11,CUS-0050,STR-105,PRD-019-T,2,16.81,0,11.99,Phone,No
ORD-100219,2025-01-05,CUS-0025,STR-102,PRD-003-T,2,52.04,0,11.99,Store,No
ORD-100220,2025-10-07,CUS-0191,STR-107,PRD-003-T,1,47.08,0.15,0,Store,No
ORD-100220,2025-02-13,CUS-0082,STR-104,PRD-011-T,1,42.13,0,0,Online,No
ORD-100221,2025-03-15,CUS-0040,STR-102,PRD-007-T,1,57.82,0,0,Store,No
ORD-100221,2025-09-08,CUS-0120,STR-102,PRD-014-T,1,41.3,0.1,0,Online,No
ORD-100222,2025-08-15,CUS-0091,STR-102,PRD-004-S,1,25.0,0.05,7.99,Phone,No
ORD-100222,2025-12-09,CUS-0233,STR-106,PRD-005-S,1,52.25,0,7.99,Online,No
ORD-100223,2025-06-23,CUS-0160,STR-103,PRD-016-T,1,14.87,0.15,0,Store,No
ORD-100223,2025-02-24,CUS-0198,STR-104,PRD-001-T,1,211.87,0.1,7.99,Online,No
ORD-100224,2025-05-01,CUS-0135,STR-104,PRD-006-S,1,119.0,0,0,Phone,No
ORD-100224,2025-03-10,CUS-0037,STR-103,PRD-008-T,3,21.24,0.15,4.99,Phone,No
ORD-100225,2025-08-23,CUS-0016,STR-106,PRD-001-T,4,211.87,0,7.99,Store,No
ORD-100225,2025-11-30,CUS-0157,STR-105,PRD-001-T,1,223.02,0.1,7.99,Online,No
ORD-100226,2025-05-08,CUS-0029,STR-101,PRD-003-S,2,42.0,0.05,7.99,Phone,No
ORD-100226,2025-08-24,CUS-0248,STR-104,PRD-017-T,3,9.44,0,0,Online,No
ORD-100227,2025-07-25,CUS-0095,STR-101,PRD-004-T,4,28.02,0.15,7.99,Store,No
ORD-100227,2025-12-10,CUS-0049,STR-106,PRD-019-S,2,14.25,0,11.99,Store,Yes
ORD-100228,2025-11-15,CUS-0212,STR-103,PRD-012-T,1,24.66,0,4.99,Store,No
ORD-100228,2025-01-16,CUS-0138,STR-103,PRD-005-S,1,55.0,0,11.99,Phone,No
ORD-100229,2025-03-19,CUS-0140,STR-101,PRD-020-T,5,63.72,0.1,0,Online,No
ORD-100229,2025-06-28,CUS-0195,STR-106,PRD-007-T,3,60.71,0.05,0,Store,No
ORD-100230,2025-01-08,CUS-0196,STR-103,PRD-004-T,2,29.5,0,4.99,Phone,No
ORD-100230,2025-12-02,CUS-0112,STR-104,PRD-005-T,2,61.66,0.1,0,Online,No
ORD-100231,2025-05-18,CUS-0033,STR-107,PRD-004-T,1,30.98,0.15,11.99,Store,No
ORD-100231,2025-12-27,CUS-0244,STR-106,PRD-002-S,2,103.95,0.15,0,Phone,No
ORD-100232,2025-06-12,CUS-0241,STR-107,PRD-017-S,2,8.0,0.1,7.99,Store,Yes
ORD-100232,2025-10-21,CUS-0194,STR-102,PRD-013-T,1,18.88,0.1,7.99,Phone,No
ORD-100233,2025-10-19,CUS-0145,STR-107,PRD-016-S,2,11.4,0,11.99,Online,No
ORD-100233,2025-08-21,CUS-0065,STR-105,PRD-015-S,1,41.8,0,0,Store,No
ORD-100234,2025-11-26,CUS-0036,STR-107,PRD-016-T,3,14.16,0,0,Store,No
ORD-100234,2025-07-05,CUS-0123,STR-106,PRD-001-S,2,189.0,0.1,7.99,Phone,Yes
ORD-100235,2025-09-23,CUS-0111,STR-105,PRD-009-T,3,105.02,0,11.99,Store,No
ORD-100235,2025-02-21,CUS-0246,STR-105,PRD-007-S,2,49.0,0.15,7.99,Online,No
ORD-100236,2025-08-16,CUS-0210,STR-102,PRD-020-S,2,56.7,0,11.99,Online,No
ORD-100236,2025-02-15,CUS-0194,STR-106,PRD-014-S,1,33.25,0,7.99,Phone,No
ORD-100237,2025-11-29,CUS-0008,STR-105,PRD-017-S,2,7.6,0.05,11.99,Store,No
ORD-100237,2025-08-24,CUS-0209,STR-104,PRD-020-S,2,54.0,0,11.99,Online,No
ORD-100238,2025-08-30,CUS-0191,STR-106,PRD-012-T,2,24.66,0,0,Store,No
ORD-100238,2025-11-12,CUS-0240,STR-104,PRD-010-S,4,59.0,0.15,11.99,Online,No
ORD-100239,2025-10-05,CUS-0025,STR-105,PRD-003-S,1,44.1,0.15,0,Store,No
ORD-100239,2025-11-07,CUS-0220,STR-101,PRD-017-T,1,9.91,0.15,11.99,Online,No
ORD-100240,2025-03-19,CUS-0073,STR-106,PRD-013-T,3,17.94,0.15,7.99,Phone,No
ORD-100240,2025-06-06,CUS-0217,STR-106,PRD-012-S,2,22.0,0.15,4.99,Phone,No
ORD-100241,2025-10-07,CUS-0096,STR-106,PRD-010-S,1,56.05,0,4.99,Phone,No
ORD-100241,2025-08-21,CUS-0143,STR-103,PRD-019-T,2,16.81,0.1,11.99,Phone,No
ORD-100242,2025-01-24,CUS-0053,STR-103,PRD-009-S,1,93.45,0,4.99,Store,No
ORD-100242,2025-03-05,CUS-0039,STR-106,PRD-020-S,1,56.7,0,0,Online,No
ORD-100243,2025-11-22,CUS-0125,STR-107,PRD-014-S,3,35.0,0.1,11.99,Phone,No
ORD-100243,2025-10-22,CUS-0162,STR-102,PRD-005-T,2,64.9,0.05,4.99,Store,No
ORD-100244,2025-12-05,CUS-0093,STR-104,PRD-010-S,2,59.0,0,0,Online,Yes
ORD-100244,2025-01-28,CUS-0057,STR-102,PRD-019-T,1,17.7,0.1,7.99,Online,No
ORD-100245,2025-09-24,CUS-0098,STR-105,PRD-011-S,2,35.7,0,4.99,Online,No
ORD-100245,2025-05-27,CUS-0227,STR-101,PRD-014-S,1,35.0,0.15,7.99,Store,No
ORD-100246,2025-10-18,CUS-0210,STR-103,PRD-009-S,2,93.45,0,7.99,Online,No
ORD-100246,2025-05-27,CUS-0024,STR-107,PRD-013-T,1,17.94,0.15,11.99,Online,No
ORD-100247,2025-06-30,CUS-0001,STR-103,PRD-003-T,1,47.08,0.1,11.99,Online,No
ORD-100247,2025-04-08,CUS-0132,STR-106,PRD-004-S,2,25.0,0.05,7.99,Online,No
ORD-100248,2025-01-19,CUS-0021,STR-103,PRD-016-S,1,12.6,0.05,0,Store,No
ORD-100248,2025-01-31,CUS-0060,STR-105,PRD-002-T,2,122.66,0,4.99,Store,No
ORD-100249,2025-04-08,CUS-0071,STR-106,PRD-014-S,3,33.25,0.1,7.99,Phone,No
ORD-100249,2025-01-30,CUS-0035,STR-104,PRD-011-T,1,40.12,0.1,0,Store,No
ORD-100250,2025-09-18,CUS-0015,STR-101,PRD-013-T,1,19.82,0,11.99,Phone,No
ORD-100250,2025-03-10,CUS-0182,STR-107,PRD-015-T,48,51.92,0.05,11.99,Online,No
ORD-100251,2025-07-27,CUS-0216,STR-106,PRD-005-S,1,55.0,0.15,4.99,Online,No
ORD-100251,2025-08-26,CUS-0049,STR-101,PRD-008-T,1,21.24,0,4.99,Online,No
ORD-100252,2025-12-30,CUS-0164,STR-106,PRD-011-T,3,42.13,0.05,4.99,Store,No
ORD-100252,2025-02-03,CUS-0155,STR-107,PRD-007-S,3,46.55,0,4.99,Online,No
ORD-100253,2025-01-23,CUS-0158,STR-107,PRD-016-T,1,14.16,0,7.99,Store,No
ORD-100253,2025-07-09,CUS-0217,STR-107,PRD-008-S,5,17.1,0.1,0,Phone,No
ORD-100254,2025-09-19,CUS-0097,STR-104,PRD-013-T,1,18.88,0.05,7.99,Online,No
ORD-100254,2025-03-03,CUS-0087,STR-106,PRD-008-S,3,18.9,0,11.99,Store,No
ORD-100255,2025-03-08,CUS-0029,STR-104,PRD-017-T,1,9.44,0.1,7.99,Store,No
ORD-100255,2025-08-07,CUS-0069,STR-101,PRD-014-S,1,35.0,0,4.99,Phone,No
ORD-100256,2025-07-06,CUS-0101,STR-105,PRD-020-T,1,60.53,0,0,Phone,No
ORD-100256,2025-01-20,CUS-0064,STR-103,PRD-007-S,2,49.0,0,0,Store,No
ORD-100257,2025-08-05,CUS-0083,STR-104,PRD-001-S,1,198.45,0.15,0,Online,No
ORD-100257,2025-05-09,CUS-0203,STR-105,PRD-007-T,2,57.82,0.15,4.99,Store,No
ORD-100258,2025-08-28,CUS-0186,STR-105,PRD-020-T,1,60.53,0.05,11.99,Store,No
ORD-100258,2025-09-09,CUS-0032,STR-102,PRD-019-S,1,14.25,0.1,0,Online,No
ORD-100259,2025-05-06,CUS-0191,STR-104,PRD-017-T,3,8.97,0.1,0,Store,No
ORD-100259,2025-02-16,CUS-0136,STR-101,PRD-011-T,1,38.11,0.05,7.99,Store,No
ORD-100260,2025-05-10,CUS-0103,STR-106,PRD-014-S,4,36.75,0.05,0,Store,No
ORD-100260,2025-05-12,CUS-0233,STR-105,PRD-001-T,3,211.87,0,7.99,Phone,No
ORD-100261,2025-08-26,CUS-0133,STR-107,PRD-009-T,1,105.02,0,7.99,Online,No
ORD-100261,2025-12-04,CUS-0137,STR-107,PRD-018-S,1,30.45,0,11.99,Store,No
ORD-100262,2025-07-10,CUS-0171,STR-102,PRD-007-T,3,54.93,0.05,0,Phone,No
ORD-100262,2025-11-07,CUS-0190,STR-101,PRD-013-T,3,17.94,0.05,0,Store,No
ORD-100263,2025-11-02,CUS-0031,STR-104,PRD-003-S,1,42.0,0,7.99,Store,No
ORD-100263,2025-06-19,CUS-0169,STR-107,PRD-014-S,4,33.25,0.1,7.99,Online,No
ORD-100264,2025-02-09,CUS-0055,STR-107,PRD-017-T,1,9.44,0,0,Store,Yes
ORD-100264,2025-07-20,CUS-0052,STR-101,PRD-009-S,2,89.0,0.15,0,Store,No
ORD-100265,2025-06-30,CUS-0236,STR-101,PRD-010-S,1,61.95,0.1,4.99,Online,No
ORD-100265,2025-08-07,CUS-0070,STR-104,PRD-015-T,2,54.52,0,11.99,Online,No
ORD-100266,2025-09-10,CUS-0023,STR-102,PRD-002-S,1,99.0,0.15,0,Phone,No
ORD-100266,2025-06-25,CUS-0057,STR-107,PRD-001-T,4,211.87,0.1,0,Phone,No
ORD-100267,2025-01-18,CUS-0095,STR-106,PRD-014-T,1,43.37,0.1,11.99,Store,No
ORD-100267,2025-07-20,CUS-0219,STR-107,PRD-011-S,1,34.0,0.15,11.99,Online,No
ORD-100268,2025-03-07,CUS-0094,STR-104,PRD-013-S,2,16.8,0.05,0,Online,No
ORD-100268,2025-12-02,CUS-0200,STR-106,PRD-006-T,2,147.44,0,0,Online,No
ORD-100269,2025-04-09,CUS-0005,STR-102,PRD-006-S,2,113.05,0,7.99,Store,No
ORD-100269,2025-02-11,CUS-0067,STR-101,PRD-011-T,2,38.11,0,7.99,Online,No
ORD-100270,2025-11-16,CUS-0148,STR-104,PRD-010-T,2,69.62,0.05,4.99,Phone,No
ORD-100270,2025-02-24,CUS-0234,STR-107,PRD-001-T,4,211.87,0,11.99,Store,No
ORD-100271,2025-04-16,CUS-0024,STR-105,PRD-011-S,2,35.7,0.05,7.99,Phone,No
ORD-100271,2025-01-11,CUS-0055,STR-104,PRD-016-S,1,11.4,0,11.99,Store,No
ORD-100272,2025-05-19,CUS-0206,STR-102,PRD-001-T,1,223.02,0.15,7.99,Store,No
ORD-100272,2025-02-02,CUS-0031,STR-106,PRD-003-S,1,44.1,0,4.99,Store,No
ORD-100273,2025-12-08,CUS-0233,STR-107,PRD-014-S,1,33.25,0,11.99,Phone,No
ORD-100273,2025-11-26,CUS-0211,STR-103,PRD-004-T,1,28.02,0.15,0,Store,No
ORD-100274,2025-09-21,CUS-0062,STR-101,PRD-010-S,1,61.95,0.05,0,Online,No
ORD-100274,2025-08-19,CUS-0012,STR-101,PRD-005-S,1,55.0,0.15,4.99,Store,No
ORD-100275,2025-08-02,CUS-0167,STR-105,PRD-016-T,2,13.45,0.15,11.99,Phone,No
ORD-100275,2025-07-31,CUS-0204,STR-102,PRD-005-S,1,55.0,0.05,0,Online,No
ORD-100276,2025-12-02,CUS-0202,STR-104,PRD-014-S,2,33.25,0.15,11.99,Store,No
ORD-100276,2025-08-04,CUS-0241,STR-102,PRD-001-T,2,223.02,0.15,7.99,Store,No
ORD-100277,2025-06-26,CUS-0062,STR-106,PRD-004-S,4,25.0,0,0,Store,No
ORD-100277,2025-12-01,CUS-0125,STR-107,PRD-019-S,3,14.25,0,11.99,Online,No
ORD-100278,2025-03-02,CUS-0158,STR-106,PRD-013-T,2,19.82,0,11.99,Phone,No
ORD-100278,2025-08-13,CUS-0068,STR-105,PRD-001-S,2,198.45,0.1,7.99,Store,No
ORD-100279,2025-11-17,CUS-0236,STR-103,PRD-010-T,4,69.62,0,0,Store,No
ORD-100279,2025-07-13,CUS-0238,STR-106,PRD-001-T,1,223.02,0.1,11.99,Store,No
ORD-100280,2025-10-16,CUS-0202,STR-105,PRD-017-S,1,8.4,0,0,Online,No
ORD-100280,2025-05-17,CUS-0152,STR-106,PRD-001-S,2,179.55,0,0,Store,No
ORD-100281,2025-05-27,CUS-0232,STR-107,PRD-012-S,4,22.0,0.15,0,Phone,No
ORD-100281,2025-03-08,CUS-0078,STR-104,PRD-015-S,1,46.2,0.15,11.99,Phone,No
ORD-100282,2025-05-13,CUS-0212,STR-103,PRD-012-T,1,25.96,0,0,Phone,No
ORD-100282,2025-12-26,CUS-0018,STR-103,PRD-019-S,1,15.0,0,0,Online,No
ORD-100283,2025-09-05,CUS-0042,STR-103,PRD-009-S,4,89.0,0,7.99,Phone,No
ORD-100283,2025-11-30,CUS-0047,STR-102,PRD-014-T,1,39.23,0,4.99,Online,No
ORD-100284,2025-03-13,CUS-0122,STR-105,PRD-001-T,1,223.02,0.15,0,Store,No
ORD-100284,2025-05-01,CUS-0197,STR-104,PRD-003-S,1,42.0,0.15,11.99,Online,Yes
ORD-100285,2025-05-31,CUS-0034,STR-106,PRD-001-S,2,179.55,0.15,11.99,Phone,No
ORD-100285,2025-09-24,CUS-0223,STR-101,PRD-004-S,3,23.75,0.15,0,Phone,No
ORD-100286,2025-03-02,CUS-0039,STR-102,PRD-007-S,2,46.55,0,0,Phone,No
ORD-100286,2025-07-16,CUS-0202,STR-106,PRD-020-T,1,63.72,0,0,Store,No
ORD-100287,2025-11-09,CUS-0222,STR-101,PRD-015-T,1,51.92,0.05,4.99,Phone,No
ORD-100287,2025-10-16,CUS-0228,STR-105,PRD-018-T,2,32.51,0.05,7.99,Online,No
ORD-100288,2025-08-13,CUS-0047,STR-105,PRD-001-T,2,211.87,0.05,7.99,Phone,No
ORD-100288,2025-10-06,CUS-0009,STR-105,PRD-018-T,1,34.22,0,0,Store,No
ORD-100289,2025-10-26,CUS-0203,STR-105,PRD-002-T,5,110.98,0,11.99,Online,No
ORD-100289,2025-12-01,CUS-0073,STR-105,PRD-005-S,2,52.25,0,4.99,Phone,No
ORD-100290,2025-08-02,CUS-0071,STR-107,PRD-010-S,2,56.05,0.1,7.99,Phone,No
ORD-100290,2025-04-23,CUS-0239,STR-101,PRD-015-T,1,51.92,0.05,11.99,Store,No
ORD-100291,2025-01-11,CUS-0197,STR-102,PRD-018-T,4,34.22,0,7.99,Phone,No
ORD-100291,2025-05-22,CUS-0249,STR-105,PRD-016-S,1,12.0,0.15,4.99,Phone,No
ORD-100292,2025-12-01,CUS-0234,STR-104,PRD-012-S,3,23.1,0,0,Online,No
ORD-100292,2025-03-26,CUS-0216,STR-107,PRD-017-S,1,8.0,0,0,Phone,No
ORD-100293,2025-06-30,CUS-0167,STR-106,PRD-017-T,3,8.97,0.15,0,Phone,No
ORD-100293,2025-07-11,CUS-0005,STR-101,PRD-013-T,2,17.94,0.1,0,Phone,No
ORD-100294,2025-05-09,CUS-0071,STR-105,PRD-018-S,2,30.45,0,4.99,Phone,No
ORD-100294,2025-09-27,CUS-0170,STR-104,PRD-011-S,3,34.0,0,0,Online,No
ORD-100295,2025-06-25,CUS-0020,STR-105,PRD-012-T,3,25.96,0.15,0,Store,No
ORD-100295,2025-04-18,CUS-0235,STR-101,PRD-011-T,2,38.11,0,11.99,Store,No
ORD-100296,2025-08-17,CUS-0102,STR-105,PRD-014-S,2,35.0,0.15,4.99,Store,No
ORD-100296,2025-11-27,CUS-0052,STR-101,PRD-005-T,2,64.9,0.1,7.99,Store,No
ORD-100297,2025-10-13,CUS-0169,STR-101,PRD-013-S,1,16.8,0.1,7.99,Store,No
ORD-100297,2025-12-21,CUS-0227,STR-103,PRD-010-T,1,69.62,0.1,0,Phone,No
ORD-100298,2025-06-04,CUS-0178,STR-102,PRD-004-T,1,28.02,0.1,0,Store,No
ORD-100298,2025-07-11,CUS-0112,STR-107,PRD-015-T,1,49.32,0,7.99,Online,No
ORD-100299,2025-01-10,CUS-0047,STR-106,PRD-013-T,2,17.94,0.1,11.99,Online,No
ORD-100299,2025-12-19,CUS-0110,STR-104,PRD-004-S,1,23.75,0,0,Phone,Yes
ORD-100300,2025-06-17,CUS-0039,STR-102,PRD-017-T,5,9.44,0,4.99,Phone,No
ORD-100300,2025-12-22,CUS-0088,STR-105,PRD-004-T,3,29.5,0,4.99,Store,No
ORD-100301,2025-05-30,CUS-0215,STR-101,PRD-011-S,1,32.3,0,0,Phone,No
ORD-100301,2025-01-12,CUS-0103,STR-101,PRD-020-T,2,60.53,0.1,7.99,Store,No
ORD-100302,2025-06-23,CUS-0061,STR-107,PRD-007-S,1,46.55,0.15,11.99,Store,No
ORD-100302,2025-11-03,CUS-0223,STR-101,PRD-016-T,1,14.87,0.1,4.99,Store,No
ORD-100303,2025-07-02,CUS-0049,STR-104,PRD-017-T,1,9.91,0.05,4.99,Store,No
ORD-100303,2025-06-13,CUS-0080,STR-101,PRD-008-T,2,22.3,0.1,4.99,Phone,No
ORD-100304,2025-01-13,CUS-0111,STR-101,PRD-009-T,1,110.27,0.05,11.99,Phone,No
ORD-100304,2025-05-11,CUS-0023,STR-105,PRD-011-S,2,32.3,0.15,0,Store,No
ORD-100305,2025-12-08,CUS-0194,STR-102,PRD-016-T,4,14.16,0.1,4.99,Store,No
ORD-100305,2025-02-18,CUS-0143,STR-101,PRD-009-T,1,110.27,0.1,7.99,Phone,No
ORD-100306,2025-06-10,CUS-0111,STR-106,PRD-004-T,4,28.02,0,7.99,Store,No
ORD-100306,2025-08-18,CUS-0224,STR-103,PRD-005-T,2,64.9,0,0,Store,No
ORD-100307,2025-05-28,CUS-0077,STR-104,PRD-018-S,1,29.0,0.05,4.99,Online,No
ORD-100307,2025-02-12,CUS-0173,STR-106,PRD-001-S,2,189.0,0.05,0,Online,No
ORD-100308,2025-10-24,CUS-0164,STR-101,PRD-019-S,4,15.0,0.15,4.99,Store,Yes
ORD-100308,2025-09-10,CUS-0214,STR-104,PRD-017-T,1,9.44,0.15,0,Online,No
ORD-100309,2025-04-28,CUS-0032,STR-105,PRD-016-S,3,12.6,0,11.99,Phone,No
ORD-100309,2025-08-04,CUS-0015,STR-105,PRD-009-T,2,105.02,0.05,4.99,Store,No
ORD-100310,2025-05-07,CUS-0193,STR-101,PRD-002-T,1,116.82,0.15,4.99,Phone,No
ORD-100310,2025-08-31,CUS-0160,STR-106,PRD-013-T,2,17.94,0,0,Store,No
ORD-100311,2025-03-23,CUS-0081,STR-105,PRD-018-S,2,30.45,0.05,4.99,Phone,No
ORD-100311,2025-04-29,CUS-0068,STR-101,PRD-004-T,1,30.98,0.05,0,Phone,Yes
ORD-100312,2025-06-08,CUS-0062,STR-104,PRD-009-S,1,89.0,0.1,0,Phone,No
ORD-100312,2025-09-10,CUS-0124,STR-101,PRD-001-S,2,198.45,0.1,11.99,Phone,No
ORD-100313,2025-04-19,CUS-0216,STR-105,PRD-001-S,3,189.0,0,7.99,Online,No
ORD-100313,2025-06-10,CUS-0037,STR-101,PRD-006-T,1,140.42,0.15,0,Store,Yes
ORD-100314,2025-10-26,CUS-0231,STR-102,PRD-013-T,2,17.94,0,0,Phone,No
ORD-100314,2025-12-31,CUS-0216,STR-104,PRD-005-S,3,52.25,0,0,Store,No
ORD-100315,2025-07-24,CUS-0095,STR-107,PRD-018-S,4,29.0,0.05,0,Online,No
ORD-100315,2025-11-17,CUS-0061,STR-104,PRD-005-T,1,64.9,0.1,0,Online,No
ORD-100316,2025-03-23,CUS-0110,STR-105,PRD-015-S,2,44.0,0,4.99,Online,Yes
ORD-100316,2025-11-08,CUS-0077,STR-107,PRD-010-S,1,59.0,0.15,11.99,Phone,No
ORD-100317,2025-06-20,CUS-0142,STR-102,PRD-014-T,2,43.37,0,11.99,Phone,No
ORD-100317,2025-03-13,CUS-0081,STR-104,PRD-004-T,3,30.98,0.1,0,Online,No
ORD-100318,2025-03-18,CUS-0025,STR-104,PRD-018-S,4,29.0,0.05,0,Online,Yes
ORD-100318,2025-01-13,CUS-0199,STR-107,PRD-011-S,2,35.7,0.15,0,Online,No
ORD-100319,2025-05-25,CUS-0218,STR-106,PRD-006-S,3,113.05,0.05,0,Online,No
ORD-100319,2025-09-28,CUS-0114,STR-102,PRD-012-S,1,20.9,0,0,Online,No
ORD-100320,2025-11-08,CUS-0047,STR-103,PRD-015-T,1,54.52,0.15,11.99,Phone,No
ORD-100320,2025-05-26,CUS-0095,STR-107,PRD-012-S,3,23.1,0.15,11.99,Store,No
ORD-100321,2025-05-17,CUS-0238,STR-104,PRD-011-S,1,35.7,0,7.99,Store,No
ORD-100321,2025-01-14,CUS-0158,STR-107,PRD-006-T,1,140.42,0.05,4.99,Store,No
ORD-100322,2025-05-18,CUS-0206,STR-105,PRD-009-S,1,89.0,0,11.99,Online,No
ORD-100322,2025-04-02,CUS-0179,STR-106,PRD-002-T,1,110.98,0.1,4.99,Phone,No
ORD-100323,2025-05-09,CUS-0164,STR-101,PRD-004-T,1,29.5,0.1,4.99,Phone,No
ORD-100323,2025-03-26,CUS-0015,STR-103,PRD-019-S,2,15.0,0,0,Phone,No
ORD-100324,2025-03-28,CUS-0100,STR-106,PRD-012-S,1,23.1,0.1,7.99,Phone,No
ORD-100324,2025-07-10,CUS-0165,STR-103,PRD-020-S,1,51.3,0.15,7.99,Store,No
ORD-100325,2025-09-06,CUS-0085,STR-105,PRD-008-S,1,18.0,0.05,7.99,Phone,No
ORD-100325,2025-11-14,CUS-0193,STR-105,PRD-019-T,2,16.81,0.05,7.99,Phone,No
ORD-100326,2025-11-03,CUS-0234,STR-103,PRD-017-T,1,8.97,0.05,0,Store,No
ORD-100326,2025-08-07,CUS-0171,STR-105,PRD-007-S,2,49.0,0.05,11.99,Phone,No
ORD-100327,2025-01-14,CUS-0228,STR-106,PRD-018-S,2,27.55,0,4.99,Online,No
ORD-100327,2025-10-07,CUS-0063,STR-107,PRD-002-S,1,99.0,0.05,0,Phone,No
ORD-100328,2025-03-28,CUS-0023,STR-101,PRD-018-S,1,29.0,0,0,Online,No
ORD-100328,2025-06-03,CUS-0094,STR-107,PRD-019-S,1,15.0,0.05,0,Store,No
ORD-100329,2025-09-11,CUS-0214,STR-107,PRD-005-T,3,64.9,0.05,11.99,Store,No
ORD-100329,2025-01-10,CUS-0106,STR-103,PRD-001-S,3,179.55,0.1,11.99,Store,No
ORD-100330,2025-07-02,CUS-0067,STR-105,PRD-006-T,1,140.42,0.1,0,Online,No
ORD-100330,2025-10-27,CUS-0019,STR-107,PRD-004-T,1,29.5,0,0,Online,No
ORD-100331,2025-07-31,CUS-0165,STR-102,PRD-002-T,2,116.82,0.05,0,Store,No
ORD-100331,2025-04-28,CUS-0171,STR-105,PRD-002-S,1,99.0,0.15,0,Online,Yes
ORD-100332,2025-05-05,CUS-0234,STR-106,PRD-012-T,1,25.96,0,0,Online,Yes
ORD-100332,2025-09-07,CUS-0046,STR-103,PRD-003-S,1,44.1,0.15,0,Online,Yes
ORD-100333,2025-07-17,CUS-0108,STR-103,PRD-008-T,1,21.24,0.05,7.99,Online,No
ORD-100333,2025-06-06,CUS-0144,STR-102,PRD-016-S,1,12.6,0,4.99,Store,No
ORD-100334,2025-11-06,CUS-0116,STR-106,PRD-012-T,3,25.96,0.15,4.99,Online,No
ORD-100334,2025-10-02,CUS-0104,STR-106,PRD-016-S,2,12.6,0.05,4.99,Store,No
ORD-100335,2025-11-28,CUS-0067,STR-107,PRD-003-S,2,42.0,0.1,0,Phone,No
ORD-100335,2025-02-03,CUS-0078,STR-101,PRD-003-S,2,42.0,0,4.99,Store,No
ORD-100336,2025-05-22,CUS-0103,STR-104,PRD-011-S,1,35.7,0.05,4.99,Store,No
ORD-100336,2025-07-29,CUS-0235,STR-105,PRD-001-S,1,198.45,0.1,7.99,Phone,No
ORD-100337,2025-07-18,CUS-0034,STR-104,PRD-015-T,2,51.92,0.1,7.99,Store,No
ORD-100337,2025-08-12,CUS-0068,STR-101,PRD-008-S,3,18.9,0,11.99,Phone,No
ORD-100338,2025-09-23,CUS-0038,STR-101,PRD-012-T,1,24.66,0,0,Store,No
ORD-100338,2025-03-04,CUS-0207,STR-105,PRD-006-T,1,140.42,0.05,7.99,Phone,No
ORD-100339,2025-04-18,CUS-0177,STR-106,PRD-012-T,1,24.66,0,0,Store,No
ORD-100339,2025-10-25,CUS-0088,STR-106,PRD-002-T,3,116.82,0,0,Online,No
ORD-100340,2025-10-15,CUS-0187,STR-103,PRD-020-T,1,63.72,0.15,11.99,Phone,No
ORD-100340,2025-03-07,CUS-0107,STR-103,PRD-006-S,1,119.0,0.05,7.99,Online,No
ORD-100341,2025-01-07,CUS-0149,STR-106,PRD-020-S,2,51.3,0.15,0,Online,No
ORD-100341,2025-09-19,CUS-0177,STR-103,PRD-014-T,2,41.3,0.05,7.99,Online,No
ORD-100342,2025-08-28,CUS-0037,STR-105,PRD-020-S,1,54.0,0.1,4.99,Online,No
ORD-100342,2025-03-16,CUS-0157,STR-104,PRD-018-T,5,35.93,0.15,0,Store,No
ORD-100343,2025-03-25,CUS-0183,STR-107,PRD-015-T,4,51.92,0,11.99,Store,No
ORD-100343,2025-09-06,CUS-0216,STR-106,PRD-009-T,1,105.02,0.05,7.99,Online,No
ORD-100344,2025-05-08,CUS-0078,STR-103,PRD-012-T,3,27.26,0.15,4.99,Store,No
ORD-100344,2025-06-07,CUS-0064,STR-105,PRD-005-T,1,64.9,0.1,7.99,Store,Yes
ORD-100345,2025-02-03,CUS-0197,STR-101,PRD-017-S,2,8.4,0.05,0,Online,No
ORD-100345,2025-10-24,CUS-0038,STR-106,PRD-015-S,1,44.0,0.1,7.99,Online,No
ORD-100346,2025-12-26,CUS-0195,STR-105,PRD-014-T,2,39.23,0,0,Phone,No
ORD-100346,2025-12-26,CUS-0141,STR-107,PRD-010-S,4,59.0,0,0,Online,No
ORD-100347,2025-11-19,CUS-0202,STR-104,PRD-014-T,2,41.3,0.15,11.99,Store,No
ORD-100347,2025-10-16,CUS-0203,STR-107,PRD-003-T,1,47.08,0,11.99,Phone,No
ORD-100348,2025-05-18,CUS-0234,STR-107,PRD-001-T,2,234.17,0.05,11.99,Store,No
ORD-100348,2025-03-10,CUS-0128,STR-101,PRD-009-S,3,89.0,0.15,0,Phone,No
ORD-100349,2025-09-11,CUS-0209,STR-104,PRD-001-T,1,234.17,0.15,7.99,Online,No
ORD-100349,2025-02-26,CUS-0007,STR-106,PRD-012-T,2,25.96,0.1,11.99,Phone,No
ORD-100350,2025-03-25,CUS-0244,STR-106,PRD-004-T,1,30.98,0.15,4.99,Store,No
ORD-100350,2025-09-04,CUS-0061,STR-107,PRD-014-T,1,41.3,0,0,Online,No
ORD-100351,2025-11-14,CUS-0039,STR-105,PRD-020-T,1,66.91,0,0,Store,No
ORD-100351,2025-06-10,CUS-0181,STR-101,PRD-006-T,2,147.44,0,11.99,Online,No
ORD-100352,2025-07-07,CUS-0004,STR-101,PRD-004-S,1,26.25,0,7.99,Phone,No
ORD-100352,2025-11-27,CUS-0167,STR-101,PRD-009-T,3,105.02,0,4.99,Store,No
ORD-100353,2025-07-05,CUS-0034,STR-103,PRD-019-T,2,18.59,0.1,0,Phone,No
ORD-100353,2025-08-18,CUS-0225,STR-102,PRD-008-T,1,21.24,0,0,Store,No
ORD-100354,2025-04-15,CUS-0068,STR-102,PRD-016-S,1,12.6,0.1,11.99,Store,No
ORD-100354,2025-08-21,CUS-0200,STR-102,PRD-011-T,1,40.12,0.05,11.99,Online,No
ORD-100355,2025-05-23,CUS-0007,STR-103,PRD-004-T,2,28.02,0,0,Online,No
ORD-100355,2025-06-12,CUS-0013,STR-102,PRD-007-T,1,57.82,0.05,0,Store,No
ORD-100356,2025-08-10,CUS-0117,STR-103,PRD-007-T,1,57.82,0.15,11.99,Online,No
ORD-100356,2025-08-23,CUS-0016,STR-104,PRD-004-T,2,28.02,0.15,4.99,Phone,No
ORD-100357,2025-04-07,CUS-0015,STR-106,PRD-018-S,3,30.45,0.1,7.99,Phone,No
ORD-100357,2025-04-10,CUS-0006,STR-101,PRD-003-T,2,47.08,0.15,4.99,Phone,No
ORD-100358,2025-09-30,CUS-0208,STR-104,PRD-011-S,1,32.3,0.05,7.99,Phone,No
ORD-100358,2025-07-26,CUS-0012,STR-107,PRD-007-S,4,46.55,0.05,0,Online,No
ORD-100359,2025-01-22,CUS-0240,STR-105,PRD-008-T,4,21.24,0.05,4.99,Online,No
ORD-100359,2025-04-12,CUS-0180,STR-103,PRD-004-S,2,25.0,0,4.99,Store,No
ORD-100360,2025-12-04,CUS-0015,STR-104,PRD-006-T,2,140.42,0.1,11.99,Online,No
ORD-100360,2025-10-04,CUS-0191,STR-106,PRD-013-T,2,17.94,0.15,0,Phone,No
ORD-100361,2025-05-19,CUS-0114,STR-101,PRD-011-S,1,34.0,0,4.99,Store,No
ORD-100361,2025-09-05,CUS-0180,STR-101,PRD-004-S,1,23.75,0,0,Online,No
ORD-100362,2025-01-18,CUS-0182,STR-101,PRD-017-S,1,8.0,0,0,Store,No
ORD-100362,2025-02-16,CUS-0075,STR-102,PRD-004-S,3,26.25,0,4.99,Store,No
ORD-100363,2025-06-28,CUS-0091,STR-106,PRD-019-S,3,14.25,0.15,4.99,Phone,No
ORD-100363,2025-01-19,CUS-0080,STR-106,PRD-020-T,1,60.53,0.1,0,Phone,No
ORD-100364,2025-06-20,CUS-0012,STR-103,PRD-008-S,2,18.0,0,4.99,Store,No
ORD-100364,2025-04-05,CUS-0147,STR-106,PRD-011-S,3,34.0,0,11.99,Phone,No
ORD-100365,2025-11-04,CUS-0086,STR-107,PRD-017-T,1,9.91,0.1,4.99,Store,No
ORD-100365,2025-03-26,CUS-0242,STR-107,PRD-018-T,3,32.51,0,7.99,Store,No
ORD-100366,2025-12-14,CUS-0012,STR-101,PRD-015-S,1,46.2,0.05,4.99,Online,Yes
ORD-100366,2025-11-01,CUS-0070,STR-103,PRD-010-S,2,56.05,0,7.99,Online,No
ORD-100367,2025-05-19,CUS-0058,STR-103,PRD-016-T,2,14.16,0.05,4.99,Phone,No
ORD-100367,2025-12-20,CUS-0045,STR-104,PRD-015-T,3,51.92,0,0,Phone,No
ORD-100368,2025-10-25,CUS-0033,STR-101,PRD-006-S,2,119.0,0,0,Online,Yes
ORD-100368,2025-05-07,CUS-0139,STR-101,PRD-009-S,5,84.55,0.05,7.99,Online,No
ORD-100369,2025-01-20,CUS-0162,STR-104,PRD-001-T,1,223.02,0,4.99,Online,No
ORD-100369,2025-12-06,CUS-0119,STR-103,PRD-003-T,3,49.56,0.15,11.99,Online,No
ORD-100370,2025-09-14,CUS-0190,STR-101,PRD-015-T,1,49.32,0.15,4.99,Phone,No
ORD-100370,2025-03-26,CUS-0184,STR-103,PRD-013-T,2,18.88,0.1,7.99,Online,No
ORD-100371,2025-03-09,CUS-0127,STR-106,PRD-015-S,3,41.8,0.1,11.99,Phone,Yes
ORD-100371,2025-05-21,CUS-0072,STR-105,PRD-001-T,2,223.02,0.15,11.99,Store,No
ORD-100372,2025-05-13,CUS-0073,STR-107,PRD-006-S,3,119.0,0.15,0,Online,No
ORD-100372,2025-10-03,CUS-0211,STR-103,PRD-007-S,1,51.45,0,11.99,Store,No
ORD-100373,2025-05-11,CUS-0207,STR-103,PRD-017-T,3,9.91,0.05,4.99,Online,No
ORD-100373,2025-11-29,CUS-0128,STR-101,PRD-015-T,2,49.32,0.1,0,Phone,No
ORD-100374,2025-03-01,CUS-0193,STR-104,PRD-020-T,4,63.72,0.05,4.99,Online,No
ORD-100374,2025-11-16,CUS-0228,STR-106,PRD-013-T,2,17.94,0.1,0,Store,No
ORD-100375,2025-07-09,CUS-0024,STR-105,PRD-001-T,1,223.02,0.05,0,Store,No
ORD-100375,2025-10-28,CUS-0212,STR-101,PRD-007-T,1,54.93,0,0,Phone,No
ORD-100376,2025-01-25,CUS-0148,STR-102,PRD-010-S,1,59.0,0.15,7.99,Online,No
ORD-100376,2025-02-26,CUS-0044,STR-105,PRD-020-T,2,60.53,0,4.99,Phone,No
ORD-100377,2025-08-25,CUS-0028,STR-104,PRD-016-T,2,14.16,0.1,0,Store,No
ORD-100377,2025-02-13,CUS-0170,STR-103,PRD-003-T,1,49.56,0.1,7.99,Store,No
ORD-100378,2025-02-26,CUS-0060,STR-106,PRD-009-S,1,84.55,0.15,0,Online,No
ORD-100378,2025-11-26,CUS-0082,STR-104,PRD-003-T,3,49.56,0.05,4.99,Online,No
ORD-100379,2025-10-10,CUS-0178,STR-106,PRD-003-T,1,49.56,0.15,0,Phone,No
ORD-100379,2025-12-20,CUS-0094,STR-102,PRD-014-T,5,43.37,0.15,11.99,Online,No
ORD-100380,2025-08-09,CUS-0038,STR-104,PRD-008-S,1,17.1,0.1,11.99,Store,No
ORD-100380,2025-05-26,CUS-0036,STR-104,PRD-015-T,5,49.32,0,0,Store,No
ORD-100381,2025-03-19,CUS-0228,STR-103,PRD-004-S,2,26.25,0.15,0,Store,No
ORD-100381,2025-09-19,CUS-0169,STR-103,PRD-017-S,2,7.6,0,4.99,Store,Yes
ORD-100382,2025-09-27,CUS-0135,STR-106,PRD-013-S,2,15.2,0.1,11.99,Phone,No
ORD-100382,2025-05-03,CUS-0167,STR-105,PRD-016-S,3,12.0,0,0,Online,No
ORD-100383,2025-02-09,CUS-0090,STR-103,PRD-020-T,2,60.53,0.05,4.99,Online,No
ORD-100383,2025-03-10,CUS-0226,STR-102,PRD-005-S,2,55.0,0.15,0,Online,No
ORD-100384,2025-06-20,CUS-0046,STR-104,PRD-007-T,2,57.82,0,0,Store,No
ORD-100384,2025-05-27,CUS-0010,STR-105,PRD-006-S,2,113.05,0.15,0,Store,No
ORD-100385,2025-08-02,CUS-0031,STR-105,PRD-016-S,3,12.6,0,4.99,Phone,No
ORD-100385,2025-05-18,CUS-0066,STR-104,PRD-001-T,2,223.02,0,11.99,Online,No
ORD-100386,2025-07-24,CUS-0205,STR-103,PRD-006-S,2,119.0,0.1,4.99,Store,No
ORD-100386,2025-06-14,CUS-0084,STR-106,PRD-002-S,1,94.05,0,0,Phone,No
ORD-100387,2025-10-01,CUS-0113,STR-102,PRD-018-S,1,29.0,0.05,0,Store,No
ORD-100387,2025-03-21,CUS-0005,STR-106,PRD-006-T,1,147.44,0.15,4.99,Online,No
ORD-100388,2025-11-28,CUS-0153,STR-106,PRD-017-S,2,8.0,0.05,0,Store,Yes
ORD-100388,2025-06-15,CUS-0071,STR-104,PRD-020-T,2,66.91,0.05,11.99,Phone,No
ORD-100389,2025-09-04,CUS-0156,STR-103,PRD-014-T,2,41.3,0,4.99,Store,No
ORD-100389,2025-03-06,CUS-0221,STR-102,PRD-014-T,2,43.37,0.15,0,Phone,No
ORD-100390,2025-05-25,CUS-0235,STR-107,PRD-002-S,3,99.0,0.1,7.99,Online,No
ORD-100390,2025-02-09,CUS-0029,STR-106,PRD-008-T,1,20.18,0,0,Store,No
ORD-100391,2025-12-21,CUS-0136,STR-103,PRD-016-T,1,14.16,0,7.99,Online,No
ORD-100391,2025-01-23,CUS-0124,STR-105,PRD-019-S,2,14.25,0,0,Online,No
ORD-100392,2025-05-13,CUS-0227,STR-101,PRD-009-S,2,84.55,0.15,11.99,Online,No
ORD-100392,2025-06-01,CUS-0022,STR-107,PRD-005-S,1,55.0,0.05,11.99,Phone,No
ORD-100393,2025-08-11,CUS-0089,STR-105,PRD-016-T,2,14.16,0.15,7.99,Store,No
ORD-100393,2025-03-06,CUS-0021,STR-105,PRD-002-S,4,99.0,0,11.99,Store,No
ORD-100394,2025-12-13,CUS-0248,STR-103,PRD-002-T,4,116.82,0,4.99,Store,No
ORD-100394,2025-11-25,CUS-0170,STR-102,PRD-011-T,4,42.13,0,4.99,Store,No
ORD-100395,2025-05-10,CUS-0118,STR-102,PRD-002-T,1,122.66,0.05,0,Online,No
ORD-100395,2025-07-18,CUS-0033,STR-101,PRD-016-T,3,13.45,0.1,4.99,Phone,No
ORD-100396,2025-02-14,CUS-0019,STR-107,PRD-005-T,1,64.9,0.05,0,Store,No
ORD-100396,2025-03-17,CUS-0167,STR-102,PRD-018-T,3,34.22,0,4.99,Store,No
ORD-100397,2025-01-26,CUS-0175,STR-103,PRD-018-T,1,34.22,0,0,Phone,No
ORD-100397,2025-09-06,CUS-0201,STR-102,PRD-007-S,1,51.45,0,4.99,Online,No
ORD-100398,2025-10-21,CUS-0190,STR-105,PRD-018-T,1,34.22,0.05,11.99,Online,No
ORD-100398,2025-11-19,CUS-0126,STR-106,PRD-008-S,1,17.1,0.1,7.99,Online,Yes
ORD-100399,2025-07-25,CUS-0037,STR-106,PRD-008-T,1,21.24,0.1,4.99,Phone,No
ORD-100399,2025-10-05,CUS-0235,STR-106,PRD-014-T,2,39.23,0.15,4.99,Phone,No
ORD-100400,2025-11-24,CUS-0053,STR-101,PRD-005-S,1,57.75,0.1,7.99,Store,No
ORD-100400,2025-08-07,CUS-0053,STR-107,PRD-002-S,2,94.05,0,0,Online,No
ORD-100401,2025-07-13,CUS-0190,STR-106,PRD-007-T,5,54.93,0.15,11.99,Phone,No
ORD-100401,2025-02-05,CUS-0161,STR-102,PRD-002-T,2,122.66,0,0,Store,No
ORD-100402,2025-04-22,CUS-0106,STR-101,PRD-008-S,2,18.0,0,0,Online,No
ORD-100402,2025-10-04,CUS-0190,STR-107,PRD-018-T,2,34.22,0.1,4.99,Store,No
ORD-100403,2025-01-29,CUS-0047,STR-104,PRD-001-S,2,189.0,0.05,11.99,Online,No
ORD-100403,2025-02-08,CUS-0061,STR-101,PRD-009-T,5,99.77,0,7.99,Online,No
ORD-100404,2025-11-27,CUS-0007,STR-104,PRD-010-S,2,56.05,0.1,7.99,Online,No
ORD-100404,2025-02-04,CUS-0157,STR-102,PRD-017-S,1,8.0,0,7.99,Store,No
ORD-100405,2025-05-19,CUS-0074,STR-104,PRD-018-T,3,34.22,0,0,Online,No
ORD-100405,2025-04-21,CUS-0178,STR-103,PRD-002-S,2,99.0,0.15,4.99,Store,No
ORD-100406,2025-09-28,CUS-0164,STR-106,PRD-008-S,2,17.1,0.1,11.99,Online,No
ORD-100406,2025-09-19,CUS-0205,STR-103,PRD-011-S,2,35.7,0,11.99,Phone,No
ORD-100407,2025-01-05,CUS-0095,STR-106,PRD-001-T,1,223.02,0.05,0,Store,No
ORD-100407,2025-02-12,CUS-0204,STR-103,PRD-006-S,1,124.95,0,7.99,Phone,No
ORD-100408,2025-03-11,CUS-0225,STR-103,PRD-013-T,2,18.88,0.05,0,Online,No
ORD-100408,2025-11-29,CUS-0150,STR-104,PRD-012-S,1,23.1,0.15,0,Store,No
ORD-100409,2025-12-01,CUS-0211,STR-103,PRD-017-S,4,7.6,0.1,7.99,Store,No
ORD-100409,2025-08-12,CUS-0168,STR-102,PRD-013-T,2,17.94,0.1,4.99,Store,No
ORD-100410,2025-10-20,CUS-0028,STR-103,PRD-009-T,1,99.77,0,7.99,Phone,No
ORD-100410,2025-09-20,CUS-0104,STR-103,PRD-003-T,1,49.56,0.15,7.99,Store,No
ORD-100411,2025-09-02,CUS-0218,STR-105,PRD-016-S,2,11.4,0.05,0,Store,No
ORD-100411,2025-06-30,CUS-0083,STR-103,PRD-017-T,1,9.44,0,4.99,Phone,No
ORD-100412,2025-08-18,CUS-0206,STR-106,PRD-019-S,3,15.75,0.1,7.99,Phone,No
ORD-100412,2025-07-24,CUS-0239,STR-106,PRD-004-S,3,26.25,0,7.99,Store,Yes
ORD-100413,2025-06-08,CUS-0225,STR-106,PRD-005-T,2,68.15,0.1,4.99,Phone,No
ORD-100413,2025-02-03,CUS-0142,STR-104,PRD-016-S,2,12.0,0.15,0,Online,No
ORD-100414,2025-06-30,CUS-0178,STR-107,PRD-013-S,2,16.0,0.05,11.99,Phone,No
ORD-100414,2025-09-01,CUS-0183,STR-104,PRD-013-S,3,15.2,0.15,7.99,Online,No
ORD-100415,2025-11-08,CUS-0018,STR-103,PRD-003-S,1,42.0,0,0,Phone,Yes
ORD-100415,2025-05-25,CUS-0136,STR-103,PRD-012-S,2,20.9,0,0,Store,No
ORD-100416,2025-08-30,CUS-0089,STR-102,PRD-001-S,1,189.0,0.05,0,Store,No
ORD-100416,2025-05-11,CUS-0026,STR-104,PRD-018-T,1,34.22,0,4.99,Store,No
ORD-100417,2025-05-25,CUS-0156,STR-106,PRD-013-T,3,19.82,0,11.99,Phone,Yes
ORD-100417,2025-02-06,CUS-0034,STR-103,PRD-020-T,3,63.72,0.1,7.99,Store,No
ORD-100418,2025-01-17,CUS-0070,STR-106,PRD-006-T,5,140.42,0,4.99,Online,No
ORD-100418,2025-02-02,CUS-0224,STR-102,PRD-018-T,1,32.51,0.1,4.99,Online,No
ORD-100419,2025-07-30,CUS-0068,STR-101,PRD-016-T,1,14.87,0.05,4.99,Phone,No
ORD-100419,2025-07-08,CUS-0110,STR-106,PRD-017-T,2,9.91,0,4.99,Store,No
ORD-100420,2025-06-15,CUS-0230,STR-105,PRD-001-T,2,223.02,0.1,0,Store,No
ORD-100420,2025-01-17,CUS-0229,STR-104,PRD-009-T,3,99.77,0.15,4.99,Phone,No
ORD-100421,2025-03-08,CUS-0014,STR-104,PRD-011-T,1,38.11,0,11.99,Store,No
ORD-100421,2025-10-10,CUS-0183,STR-106,PRD-019-T,3,17.7,0,7.99,Phone,No
ORD-100422,2025-07-16,CUS-0120,STR-104,PRD-010-S,1,56.05,0.05,7.99,Online,No
ORD-100422,2025-04-27,CUS-0099,STR-106,PRD-007-S,1,49.0,0.1,0,Phone,No
ORD-100423,2025-12-08,CUS-0181,STR-107,PRD-012-T,2,24.66,0.05,7.99,Store,No
ORD-100423,2025-07-25,CUS-0004,STR-107,PRD-013-S,1,16.0,0.1,0,Online,No
ORD-100424,2025-06-01,CUS-0013,STR-101,PRD-020-T,1,63.72,0.05,4.99,Store,No
ORD-100424,2025-04-18,CUS-0218,STR-107,PRD-020-S,1,51.3,0.05,11.99,Store,Yes
ORD-100425,2025-01-21,CUS-0167,STR-103,PRD-002-S,1,94.05,0,0,Store,No
ORD-100425,2025-03-17,CUS-0077,STR-106,PRD-011-T,3,40.12,0,0,Phone,No
ORD-100426,2025-01-31,CUS-0245,STR-103,PRD-005-S,2,55.0,0,11.99,Store,No
ORD-100426,2025-08-23,CUS-0219,STR-107,PRD-013-T,1,18.88,0.1,4.99,Online,Yes
ORD-100427,2025-04-06,CUS-0124,STR-101,PRD-011-T,2,40.12,0,4.99,Online,No
ORD-100427,2025-07-02,CUS-0197,STR-104,PRD-012-T,1,24.66,0.05,7.99,Phone,No
ORD-100428,2025-11-20,CUS-0239,STR-101,PRD-019-T,2,16.81,0,11.99,Store,No
ORD-100428,2025-04-20,CUS-0194,STR-102,PRD-013-S,2,16.0,0.05,7.99,Store,No
ORD-100429,2025-02-26,CUS-0163,STR-103,PRD-010-T,1,73.1,0.15,4.99,Online,No
ORD-100429,2025-11-25,CUS-0059,STR-103,PRD-010-S,1,59.0,0,11.99,Online,No
ORD-100430,2025-06-13,CUS-0111,STR-107,PRD-014-T,2,41.3,0.05,4.99,Online,No
ORD-100430,2025-10-21,CUS-0151,STR-107,PRD-001-T,1,223.02,0.15,0,Online,No
ORD-100431,2025-07-30,CUS-0244,STR-103,PRD-020-T,2,63.72,0,11.99,Phone,No
ORD-100431,2025-05-14,CUS-0231,STR-103,PRD-006-T,2,140.42,0.1,7.99,Store,No
ORD-100432,2025-04-03,CUS-0081,STR-102,PRD-009-T,1,110.27,0,0,Online,No
ORD-100432,2025-03-17,CUS-0178,STR-103,PRD-017-S,2,8.0,0.1,7.99,Online,No
ORD-100433,2025-11-23,CUS-0022,STR-106,PRD-005-T,1,64.9,0,7.99,Store,No
ORD-100433,2025-06-22,CUS-0237,STR-106,PRD-006-S,1,113.05,0,0,Store,No
ORD-100434,2025-05-02,CUS-0244,STR-102,PRD-019-S,1,15.0,0.05,11.99,Store,No
ORD-100434,2025-07-17,CUS-0160,STR-101,PRD-018-T,1,34.22,0.05,0,Phone,No
ORD-100435,2025-09-28,CUS-0210,STR-102,PRD-011-S,1,34.0,0.05,4.99,Store,No
ORD-100435,2025-12-25,CUS-0118,STR-101,PRD-014-T,3,41.3,0.15,0,Store,No
ORD-100436,2025-04-20,CUS-0242,STR-101,PRD-002-S,1,94.05,0.15,0,Store,No
ORD-100436,2025-08-14,CUS-0142,STR-102,PRD-001-S,2,179.55,0.1,0,Store,Yes
ORD-100437,2025-11-29,CUS-0083,STR-104,PRD-003-S,3,44.1,0.05,11.99,Online,No
ORD-100437,2025-04-18,CUS-0094,STR-102,PRD-018-S,1,30.45,0.1,0,Online,No
ORD-100438,2025-08-23,CUS-0138,STR-102,PRD-016-T,1,14.87,0.15,4.99,Store,No
ORD-100438,2025-05-20,CUS-0219,STR-107,PRD-004-S,2,25.0,0.15,7.99,Store,No
ORD-100439,2025-08-13,CUS-0053,STR-105,PRD-002-T,2,110.98,0.05,0,Phone,No
ORD-100439,2025-07-13,CUS-0075,STR-107,PRD-017-S,2,8.0,0.05,7.99,Online,No
ORD-100440,2025-05-02,CUS-0057,STR-103,PRD-018-T,1,35.93,0,4.99,Store,No
ORD-100440,2025-12-02,CUS-0136,STR-106,PRD-015-S,1,46.2,0.1,11.99,Online,No
ORD-100441,2025-11-01,CUS-0103,STR-104,PRD-004-T,2,30.98,0,0,Store,No
ORD-100441,2025-07-04,CUS-0108,STR-104,PRD-009-S,2,84.55,0,0,Phone,No
ORD-100442,2025-01-20,CUS-0203,STR-105,PRD-019-S,1,14.25,0,0,Phone,No
ORD-100442,2025-11-24,CUS-0216,STR-101,PRD-011-S,3,35.7,0,11.99,Store,No
ORD-100443,2025-11-10,CUS-0114,STR-105,PRD-013-S,1,15.2,0.05,11.99,Store,No
ORD-100443,2025-12-08,CUS-0113,STR-107,PRD-006-S,3,113.05,0,4.99,Phone,No
ORD-100444,2025-05-07,CUS-0177,STR-107,PRD-012-T,3,27.26,0,11.99,Store,No
ORD-100444,2025-09-28,CUS-0164,STR-101,PRD-003-T,1,49.56,0,0,Online,No
ORD-100445,2025-08-28,CUS-0048,STR-103,PRD-006-T,1,147.44,0,4.99,Online,No
ORD-100445,2025-11-22,CUS-0131,STR-103,PRD-003-S,1,42.0,0.15,0,Phone,No
ORD-100446,2025-10-06,CUS-0112,STR-101,PRD-002-S,1,99.0,0,11.99,Store,No
ORD-100446,2025-01-29,CUS-0244,STR-106,PRD-013-S,2,16.8,0,4.99,Online,No
ORD-100447,2025-01-20,CUS-0225,STR-106,PRD-006-S,1,119.0,0.1,0,Phone,No
ORD-100447,2025-03-15,CUS-0149,STR-105,PRD-012-T,1,25.96,0.1,0,Store,No
ORD-100448,2025-04-24,CUS-0224,STR-103,PRD-020-T,3,66.91,0,4.99,Phone,No
ORD-100448,2025-07-06,CUS-0170,STR-101,PRD-019-T,2,18.59,0,7.99,Store,No
ORD-100449,2025-06-20,CUS-0215,STR-101,PRD-003-S,1,42.0,0.15,0,Online,No
ORD-100449,2025-07-13,CUS-0004,STR-102,PRD-002-S,1,94.05,0.05,0,Phone,No
ORD-100450,2025-06-05,CUS-0119,STR-102,PRD-012-T,1,25.96,0.05,11.99,Store,No
ORD-100450,2025-05-10,CUS-0047,STR-104,PRD-015-T,1,51.92,0.1,7.99,Store,No
ORD-100451,2025-05-22,CUS-0050,STR-105,PRD-019-S,1,15.0,0.1,4.99,Online,No
ORD-100451,2025-12-28,CUS-0181,STR-101,PRD-015-T,1,49.32,0.1,0,Phone,No
ORD-100452,2025-04-30,CUS-0221,STR-103,PRD-005-S,1,57.75,0,7.99,Online,No
ORD-100452,2025-01-05,CUS-0084,STR-101,PRD-019-T,4,17.7,0,4.99,Online,No
ORD-100453,2025-03-16,CUS-0059,STR-103,PRD-003-T,1,47.08,0.05,0,Phone,No
ORD-100453,2025-11-16,CUS-0245,STR-106,PRD-002-S,1,99.0,0.1,0,Online,No
ORD-100454,2025-03-24,CUS-0115,STR-102,PRD-014-T,2,41.3,0.15,4.99,Store,No
ORD-100454,2025-03-30,CUS-0141,STR-106,PRD-013-S,1,16.0,0,4.99,Store,Yes
ORD-100455,2025-03-13,CUS-0102,STR-103,PRD-009-S,3,84.55,0,0,Phone,No
ORD-100455,2025-04-27,CUS-0148,STR-107,PRD-009-T,3,99.77,0.15,7.99,Store,No
ORD-100456,2025-10-25,CUS-0059,STR-104,PRD-004-S,1,23.75,0.15,4.99,Store,No
ORD-100456,2025-08-21,CUS-0205,STR-103,PRD-004-T,1,28.02,,11.99,Store,No
ORD-100457,2025-09-21,CUS-0185,STR-103,PRD-008-T,2,21.24,0.05,0,Phone,No
ORD-100457,2025-12-09,CUS-0023,STR-104,PRD-019-S,4,15.0,0.1,0,Phone,No
ORD-100458,2025-12-14,CUS-0224,STR-107,PRD-018-S,3,27.55,0.1,11.99,Phone,No
ORD-100458,2025-01-19,CUS-0153,STR-104,PRD-001-T,1,223.02,0,4.99,Store,No
ORD-100459,2025-01-11,CUS-0025,STR-105,PRD-019-T,1,16.81,0,11.99,Store,No
ORD-100459,2025-06-30,CUS-0056,STR-103,PRD-003-T,1,49.56,0.05,0,Phone,No
ORD-100460,2025-10-31,CUS-0020,STR-101,PRD-008-T,2,22.3,0.15,0,Phone,No
ORD-100460,2025-12-14,CUS-0224,STR-107,PRD-004-T,3,28.02,0,4.99,Phone,No
ORD-100461,2025-01-11,CUS-0153,STR-103,PRD-001-T,1,211.87,0.15,0,Online,No
ORD-100461,2025-11-20,CUS-0141,STR-106,PRD-001-T,1,211.87,0.15,7.99,Store,No
ORD-100462,2025-08-30,CUS-0220,STR-105,PRD-004-S,2,26.25,0.1,0,Online,No
ORD-100462,2025-03-12,CUS-0210,STR-103,PRD-020-T,1,63.72,0,11.99,Store,No
ORD-100463,2025-10-01,CUS-0054,STR-107,PRD-018-T,2,34.22,0.1,4.99,Online,No
ORD-100463,2025-05-10,CUS-0035,STR-102,PRD-003-T,2,49.56,0.05,0,Phone,No
ORD-100464,2025-06-24,CUS-0133,STR-102,PRD-010-T,4,69.62,0.05,0,Online,No
ORD-100464,2025-10-15,CUS-0228,STR-105,PRD-005-T,2,64.9,0.1,4.99,Phone,No
ORD-100465,2025-09-18,CUS-0225,STR-101,PRD-011-T,1,38.11,0,7.99,Online,No
ORD-100465,2025-04-28,CUS-0231,STR-104,PRD-002-T,2,110.98,0.1,0,Phone,No
ORD-100466,2025-03-04,CUS-0051,STR-107,PRD-007-T,2,60.71,0,4.99,Phone,No
ORD-100466,2025-05-20,CUS-0088,STR-105,PRD-012-T,2,24.66,0.1,11.99,Phone,No
ORD-100467,2025-06-07,CUS-0166,STR-107,PRD-006-T,5,133.4,0,11.99,Online,No
ORD-100467,2025-05-05,CUS-0081,STR-102,PRD-020-T,1,66.91,0,11.99,Online,No
ORD-100468,2025-12-26,CUS-0221,STR-101,PRD-007-T,1,54.93,0,0,Online,No
ORD-100468,2025-04-02,CUS-0193,STR-102,PRD-003-S,1,42.0,0.05,7.99,Store,No
ORD-100469,2025-09-09,CUS-0076,STR-106,PRD-001-S,4,189.0,0,4.99,Online,No
ORD-100469,2025-12-29,CUS-0151,STR-103,PRD-005-S,1,55.0,0,0,Online,No
ORD-100470,2025-12-13,CUS-0126,STR-106,PRD-011-T,1,40.12,0.05,7.99,Online,No
ORD-100470,2025-12-29,CUS-0124,STR-101,PRD-016-S,1,12.0,0.1,11.99,Phone,No
ORD-100471,2025-06-13,CUS-0122,STR-103,PRD-008-T,4,22.3,0.15,0,Online,No
ORD-100471,2025-03-07,CUS-0016,STR-106,PRD-010-S,1,59.0,0,11.99,Phone,No
ORD-100472,2025-10-20,CUS-0207,STR-102,PRD-007-T,3,54.93,0.05,0,Phone,No
ORD-100472,2025-05-14,CUS-0227,STR-107,PRD-011-T,3,38.11,0.15,7.99,Phone,No
ORD-100473,2025-11-30,CUS-0204,STR-107,PRD-009-S,3,89.0,0.05,0,Phone,No
ORD-100473,2025-05-26,CUS-0139,STR-101,PRD-020-S,1,54.0,0.15,0,Online,No
ORD-100474,2025-11-12,CUS-0215,STR-105,PRD-006-T,2,140.42,0,0,Store,No
ORD-100474,2025-10-10,CUS-0017,STR-103,PRD-009-S,1,89.0,0.15,11.99,Phone,No
ORD-100475,2025-04-11,CUS-0058,STR-103,PRD-009-S,4,89.0,0.1,7.99,Phone,No
ORD-100475,2025-12-20,CUS-0223,STR-103,PRD-008-T,2,21.24,0.05,0,Store,No
ORD-100476,2025-08-06,CUS-0012,STR-104,PRD-016-S,2,11.4,0,0,Store,No
ORD-100476,2025-10-31,CUS-0021,STR-107,PRD-006-S,1,119.0,0,7.99,Online,Yes
ORD-100477,2025-04-15,CUS-0190,STR-104,PRD-012-T,2,25.96,0.05,11.99,Online,No
ORD-100477,2025-12-15,CUS-0055,STR-105,PRD-018-T,1,32.51,0,0,Phone,No
ORD-100478,2025-06-23,CUS-0146,STR-106,PRD-015-S,2,41.8,0,0,Store,No
ORD-100478,2025-09-22,CUS-0016,STR-101,PRD-015-T,2,51.92,0.05,7.99,Online,No
ORD-100479,2025-06-12,CUS-0163,STR-104,PRD-003-T,1,49.56,0.15,7.99,Phone,No
ORD-100479,2025-03-19,CUS-0083,STR-101,PRD-019-S,4,15.75,0,7.99,Store,No
ORD-100480,2025-01-18,CUS-0179,STR-107,PRD-014-T,1,41.3,0.1,0,Online,No
ORD-100480,2025-02-09,CUS-0061,STR-107,PRD-006-S,4,124.95,0,11.99,Store,No
ORD-100481,2025-05-07,CUS-0236,STR-107,PRD-012-S,1,22.0,0,0,Store,No
ORD-100481,2025-04-28,CUS-0138,STR-107,PRD-015-S,2,46.2,0.15,0,Online,No
ORD-100482,2025-07-29,CUS-0009,STR-105,PRD-014-T,1,41.3,0.15,4.99,Phone,No
ORD-100482,2025-08-30,CUS-0087,STR-101,PRD-012-S,1,23.1,0,11.99,Phone,No
ORD-100483,2025-07-08,CUS-0208,STR-102,PRD-010-T,1,69.62,0.1,11.99,Online,Yes
ORD-100483,2025-12-03,CUS-0113,STR-101,PRD-010-S,3,56.05,0,0,Online,No
ORD-100484,2025-03-30,CUS-0159,STR-102,PRD-003-T,5,52.04,0,4.99,Online,No
ORD-100484,2025-12-29,CUS-0229,STR-104,PRD-009-T,1,110.27,0,0,Phone,No
ORD-100485,2025-05-31,CUS-0198,STR-105,PRD-001-S,1,179.55,0.05,4.99,Online,No
ORD-100485,2025-11-06,CUS-0134,STR-104,PRD-011-S,2,35.7,0.15,7.99,Phone,No
ORD-100486,2025-08-31,CUS-0009,STR-107,PRD-014-S,1,36.75,0,11.99,Store,No
ORD-100486,2025-06-15,CUS-0159,STR-105,PRD-020-T,3,63.72,0.1,11.99,Store,No
ORD-100487,2025-08-16,CUS-0062,STR-104,PRD-017-T,1,8.97,0.1,4.99,Phone,No
ORD-100487,2025-11-20,CUS-0228,STR-101,PRD-010-T,1,69.62,0,0,Online,No
ORD-100488,2025-02-09,CUS-0087,STR-104,PRD-008-T,1,22.3,0,0,Online,No
ORD-100488,2025-12-18,CUS-0077,STR-101,PRD-005-S,1,55.0,0.15,11.99,Phone,No
ORD-100489,2025-01-16,CUS-0211,STR-103,PRD-018-S,3,29.0,0,7.99,Store,Yes
ORD-100489,2025-06-08,CUS-0084,STR-104,PRD-020-T,1,60.53,0.05,0,Phone,No
ORD-100490,2025-09-25,CUS-0100,STR-104,PRD-007-S,4,49.0,0.15,11.99,Online,No
ORD-100490,2025-09-08,CUS-0169,STR-105,PRD-002-T,1,116.82,0,7.99,Online,No
ORD-100491,2025-04-26,CUS-0083,STR-102,PRD-016-S,1,12.0,0.1,7.99,Store,No
ORD-100491,2025-08-29,CUS-0237,STR-105,PRD-017-S,1,7.6,0.1,0,Store,No
ORD-100492,2025-05-21,CUS-0044,STR-106,PRD-014-S,2,36.75,0.15,0,Store,No
ORD-100492,2025-12-02,CUS-0179,STR-107,PRD-001-S,2,198.45,0.15,7.99,Phone,No
ORD-100493,2025-11-08,CUS-0052,STR-101,PRD-002-T,4,110.98,0,0,Store,No
ORD-100493,2025-06-16,CUS-0053,STR-102,PRD-017-S,1,7.6,0,4.99,Online,No
ORD-100494,2025-07-28,CUS-0027,STR-106,PRD-015-T,2,49.32,0.05,7.99,Store,No
ORD-100494,2025-01-15,CUS-0074,STR-105,PRD-012-S,1,23.1,0,0,Online,No
ORD-100495,2025-06-24,CUS-0202,STR-105,PRD-014-S,3,33.25,0.15,7.99,Phone,No
ORD-100495,2025-06-26,CUS-0202,STR-103,PRD-012-T,5,25.96,0.15,11.99,Online,No
ORD-100496,2025-08-15,CUS-0090,STR-107,PRD-012-S,1,23.1,0.05,11.99,Phone,No
ORD-100496,2025-01-19,CUS-0071,STR-105,PRD-009-T,5,105.02,0,0,Store,No
ORD-100497,2025-05-22,CUS-0103,STR-107,PRD-010-T,1,69.62,0.1,0,Store,No
ORD-100497,2025-01-27,CUS-0202,STR-107,PRD-013-S,1,16.0,0.1,0,Online,No
ORD-100498,2025-12-13,CUS-0179,STR-101,PRD-009-S,1,89.0,0.05,0,Online,No
ORD-100498,2025-08-04,CUS-0227,STR-104,PRD-002-S,1,94.05,0,0,Phone,No
ORD-100499,2025-07-01,CUS-0228,STR-101,PRD-019-S,1,14.25,0.15,0,Online,No
ORD-100499,2025-09-01,CUS-0002,STR-103,PRD-008-T,1,21.24,0,11.99,Phone,No
ORD-100500,2025-10-22,CUS-0004,STR-103,PRD-013-T,1,18.88,0,4.99,Phone,No
ORD-100500,2025-05-28,CUS-0084,STR-101,PRD-008-S,1,18.0,0,7.99,Phone,No
ORD-100501,2025-04-06,CUS-0129,STR-101,PRD-010-S,4,59.0,0,11.99,Online,No
ORD-100501,2025-10-05,CUS-0129,STR-101,PRD-011-S,1,34.0,0.05,11.99,Phone,No
ORD-100502,2025-04-18,CUS-0092,STR-107,PRD-010-T,2,73.1,0.05,0,Online,No
ORD-100502,2025-11-10,CUS-0242,STR-104,PRD-017-T,2,9.44,0.1,11.99,Online,No
ORD-100503,2025-09-15,CUS-0224,STR-106,PRD-011-S,1,34.0,0.15,0,Online,No
ORD-100503,2025-06-23,CUS-0240,STR-106,PRD-003-T,2,47.08,0,0,Phone,No
ORD-100504,2025-12-10,CUS-0014,STR-105,PRD-007-T,1,60.71,0.1,11.99,Online,No
ORD-100504,2025-03-26,CUS-0077,STR-101,PRD-006-T,1,133.4,0.05,0,Phone,No
ORD-100505,2025-10-15,CUS-0175,STR-101,PRD-004-T,1,28.02,0,0,Store,No
ORD-100505,2025-04-29,CUS-0183,STR-101,PRD-015-S,1,41.8,0.05,0,Online,No
ORD-100506,2025-07-16,CUS-0077,STR-106,PRD-002-S,2,99.0,0.1,0,Phone,No
ORD-100506,2025-08-21,CUS-0031,STR-103,PRD-015-T,3,51.92,0.05,0,Online,No
ORD-100507,2025-04-01,CUS-0213,STR-105,PRD-011-S,1,34.0,0,4.99,Phone,No
ORD-100507,2025-10-01,CUS-0174,STR-106,PRD-007-T,1,57.82,0.15,0,Phone,No
ORD-100508,2025-10-26,CUS-0074,STR-102,PRD-017-S,3,8.0,0.05,0,Online,No
ORD-100508,2025-08-13,CUS-0210,STR-104,PRD-011-T,5,40.12,0.15,7.99,Store,No
ORD-100509,2025-06-28,CUS-0106,STR-102,PRD-003-T,2,49.56,0.1,0,Store,No
ORD-100509,2025-06-02,CUS-0165,STR-107,PRD-010-S,3,61.95,0.15,7.99,Store,No
ORD-100510,2025-02-23,CUS-0110,STR-105,PRD-018-T,1,34.22,0.15,7.99,Store,No
ORD-100510,2025-12-26,CUS-0105,STR-104,PRD-014-S,1,36.75,0.05,4.99,Online,No
ORD-100511,2025-09-13,CUS-0193,STR-101,PRD-001-T,1,223.02,0.15,0,Online,No
ORD-100511,2025-06-21,CUS-0073,STR-105,PRD-008-S,3,18.0,0,11.99,Online,No
ORD-100512,2025-03-06,CUS-0090,STR-106,PRD-010-T,2,73.1,0.1,11.99,Online,No
ORD-100512,2025-02-06,CUS-0243,STR-102,PRD-009-S,2,89.0,0,11.99,Phone,No
ORD-100513,2025-07-22,CUS-0133,STR-107,PRD-009-S,4,89.0,0,11.99,Store,No
ORD-100513,2025-03-27,CUS-0196,STR-107,PRD-015-S,1,41.8,0.05,11.99,Online,No
ORD-100514,2025-05-22,CUS-0233,STR-105,PRD-002-S,1,103.95,0.05,0,Online,No
ORD-100514,2025-03-08,CUS-0231,STR-102,PRD-008-T,1,22.3,0,0,Store,No
ORD-100515,2025-12-25,CUS-0199,STR-101,PRD-014-T,5,43.37,0.1,0,Online,No
ORD-100515,2025-05-26,CUS-0045,STR-106,PRD-017-T,2,9.91,0,4.99,Online,No
ORD-100516,2025-02-03,CUS-0097,STR-104,PRD-014-T,1,43.37,0,0,Online,No
ORD-100516,2025-07-29,CUS-0132,STR-103,PRD-020-S,2,54.0,0.1,11.99,Phone,No
ORD-100517,2025-12-15,CUS-0153,STR-106,PRD-014-S,1,35.0,0,0,Store,No
ORD-100517,2025-10-25,CUS-0221,STR-103,PRD-018-T,1,35.93,0,7.99,Store,No
ORD-100518,2025-09-19,CUS-0162,STR-101,PRD-020-S,1,51.3,0.15,0,Store,No
ORD-100518,2025-06-18,CUS-0128,STR-101,PRD-012-S,1,22.0,0.15,11.99,Store,No
ORD-100519,2025-09-21,CUS-0247,STR-102,PRD-002-S,2,103.95,0,7.99,Phone,No
ORD-100519,2025-04-14,CUS-0164,STR-103,PRD-004-T,3,30.98,0.05,7.99,Store,No
ORD-100520,2025-02-24,CUS-0216,STR-107,PRD-020-T,1,63.72,0.1,0,Store,Yes
ORD-100520,2025-04-17,CUS-0027,STR-103,PRD-020-T,5,60.53,0.05,7.99,Phone,No
ORD-100521,2025-12-21,CUS-0225,STR-107,PRD-015-S,1,46.2,0,11.99,Phone,No
ORD-100521,2025-01-06,CUS-0027,STR-106,PRD-003-T,2,47.08,0.15,11.99,Store,No
ORD-100522,2025-04-20,CUS-0187,STR-102,PRD-007-T,1,57.82,0.15,11.99,Phone,No
ORD-100522,2025-05-29,CUS-0102,STR-104,PRD-003-T,5,49.56,0,0,Store,No
ORD-100523,2025-09-22,CUS-0201,STR-105,PRD-005-S,1,57.75,0.15,0,Store,No
ORD-100523,2025-06-17,CUS-0192,STR-105,PRD-019-S,1,15.75,0,7.99,Phone,No
ORD-100524,2025-12-08,CUS-0122,STR-104,PRD-015-S,3,41.8,0.15,11.99,Store,No
ORD-100524,2025-05-25,CUS-0060,STR-106,PRD-005-T,1,61.66,0,7.99,Store,No
ORD-100525,2025-08-26,CUS-0134,STR-102,PRD-015-S,2,44.0,0,0,Online,No
ORD-100525,2025-03-15,CUS-0044,STR-102,PRD-001-S,2,189.0,0,4.99,Store,No
ORD-100526,2025-09-09,CUS-0243,STR-105,PRD-015-T,4,49.32,0.05,0,Store,No
ORD-100526,2025-10-28,CUS-0205,STR-102,PRD-013-T,3,18.88,0.1,0,Phone,No
ORD-100527,2025-05-11,CUS-0131,STR-105,PRD-007-T,2,54.93,0,0,Phone,No
ORD-100527,2025-05-24,CUS-0168,STR-106,PRD-002-S,3,103.95,0.1,7.99,Store,No
ORD-100528,2025-02-18,CUS-0025,STR-101,PRD-017-T,2,9.91,0.1,0,Online,No
ORD-100528,2025-10-08,CUS-0188,STR-106,PRD-003-T,4,49.56,0.1,7.99,Online,No
ORD-100529,2025-01-14,CUS-0019,STR-107,PRD-004-S,2,23.75,0,0,Online,No
ORD-100529,2025-12-15,CUS-0232,STR-104,PRD-010-T,2,73.1,0.1,0,Online,No
ORD-100530,2025-06-29,CUS-0024,STR-105,PRD-008-T,2,20.18,0,4.99,Phone,No
ORD-100530,2025-01-31,CUS-0054,STR-103,PRD-011-S,2,34.0,0.15,7.99,Phone,No
ORD-100531,2025-09-30,CUS-0229,STR-102,PRD-010-S,1,59.0,0.05,0,Phone,No
ORD-100531,2025-05-14,CUS-0037,STR-101,PRD-002-T,1,122.66,0.1,0,Store,No
ORD-100532,2025-07-13,CUS-0086,STR-102,PRD-005-T,4,64.9,0,4.99,Online,No
ORD-100532,2025-08-12,CUS-0183,STR-102,PRD-020-S,4,54.0,0,0,Online,No
ORD-100533,2025-06-19,CUS-0109,STR-107,PRD-013-S,1,16.8,0.15,4.99,Store,No
ORD-100533,2025-01-06,CUS-0089,STR-107,PRD-020-S,2,54.0,0.1,11.99,Store,No
ORD-100534,2025-11-20,CUS-0064,STR-102,PRD-002-T,3,116.82,0.1,0,Online,No
ORD-100534,2025-07-19,CUS-0215,STR-105,PRD-019-T,2,17.7,0.1,4.99,Phone,No
ORD-100535,2025-06-30,CUS-0173,STR-104,PRD-018-T,4,32.51,0,7.99,Store,No
ORD-100535,2025-10-07,CUS-0124,STR-101,PRD-010-T,2,66.14,0,0,Store,No
ORD-100536,2025-02-05,CUS-0031,STR-101,PRD-008-T,1,20.18,0,11.99,Store,No
ORD-100536,2025-08-15,CUS-0237,STR-106,PRD-011-T,3,38.11,0.15,11.99,Phone,No
ORD-100537,2025-04-27,CUS-0089,STR-103,PRD-014-S,1,35.0,0.15,7.99,Online,No
ORD-100537,2025-12-31,CUS-0243,STR-107,PRD-002-S,3,99.0,0.05,0,Online,No
ORD-100538,2025-01-02,CUS-0073,STR-102,PRD-007-T,3,57.82,0,4.99,Phone,No
ORD-100538,2025-10-01,CUS-0081,STR-101,PRD-006-T,2,140.42,0.05,11.99,Phone,No
ORD-100539,2025-07-25,CUS-0163,STR-101,PRD-017-S,1,8.4,0,7.99,Online,No
ORD-100539,2025-08-27,CUS-0058,STR-106,PRD-015-S,2,44.0,0.05,11.99,Online,No
ORD-100540,2025-05-02,CUS-0215,STR-107,PRD-010-S,3,61.95,0.05,0,Phone,No
ORD-100540,2025-01-07,CUS-0185,STR-103,PRD-020-T,1,66.91,0.1,11.99,Store,No
ORD-100541,2025-02-23,CUS-0203,STR-103,PRD-006-S,1,119.0,0,0,Online,No
ORD-100541,2025-02-18,CUS-0010,STR-103,PRD-015-T,2,49.32,0.15,7.99,Phone,No
ORD-100542,2025-11-09,CUS-0032,STR-107,PRD-018-S,1,30.45,0.1,4.99,Store,No
ORD-100542,2025-02-11,CUS-0161,STR-107,PRD-012-T,1,25.96,0.1,0,Phone,No
ORD-100543,2025-06-29,CUS-0166,STR-104,PRD-002-T,3,110.98,0.1,4.99,Store,No
ORD-100543,2025-10-19,CUS-0130,STR-105,PRD-007-S,5,46.55,0,0,Online,No
ORD-100544,2025-01-02,CUS-0057,STR-105,PRD-002-T,1,116.82,0.05,11.99,Store,No
ORD-100544,2025-04-22,CUS-0197,STR-107,PRD-017-S,1,8.4,0,7.99,Online,No
ORD-100545,2025-01-05,CUS-0019,STR-101,PRD-012-T,1,25.96,0.15,11.99,Online,No
ORD-100545,2025-10-02,CUS-0009,STR-105,PRD-013-S,3,15.2,0,0,Phone,No
ORD-100546,2025-01-04,CUS-0248,STR-106,PRD-008-T,4,21.24,0.05,0,Store,Yes
ORD-100546,2025-02-25,CUS-0086,STR-103,PRD-016-S,1,12.0,0.1,11.99,Online,No
ORD-100547,2025-02-24,CUS-0143,STR-103,PRD-001-T,2,234.17,0,0,Store,No
ORD-100547,2025-09-02,CUS-0236,STR-101,PRD-008-S,5,18.0,0,0,Online,No
ORD-100548,2025-12-09,CUS-0149,STR-103,PRD-011-T,2,40.12,0.15,11.99,Phone,No
ORD-100548,2025-12-13,CUS-0108,STR-107,PRD-017-S,1,8.0,0,0,Store,No
ORD-100549,2025-10-27,CUS-0040,STR-106,PRD-013-T,2,18.88,0,7.99,Phone,No
ORD-100549,2025-02-01,CUS-0130,STR-104,PRD-017-S,2,8.0,0.05,0,Phone,No
ORD-100550,2025-03-19,CUS-0132,STR-105,PRD-015-S,4,44.0,0,11.99,Store,No
ORD-100550,2025-06-02,CUS-0046,STR-103,PRD-005-T,3,64.9,0,0,Phone,No
ORD-100551,2025-11-19,CUS-0171,STR-107,PRD-018-T,2,34.22,0.05,11.99,Phone,No
ORD-100551,2025-07-12,CUS-0170,STR-106,PRD-020-S,3,56.7,0.05,11.99,Phone,No
ORD-100552,2025-06-28,CUS-0073,STR-107,PRD-017-S,2,8.0,0.15,11.99,Store,No
ORD-100552,2025-01-15,CUS-0166,STR-106,PRD-009-S,2,93.45,0,11.99,Online,No
ORD-100553,2025-08-19,CUS-0130,STR-101,PRD-006-S,2,119.0,0.1,11.99,Phone,No
ORD-100553,2025-04-21,CUS-0072,STR-104,PRD-002-T,1,116.82,0,11.99,Phone,No
ORD-100554,2025-07-06,CUS-0036,STR-102,PRD-009-T,1,99.77,0,4.99,Store,No
ORD-100554,2025-08-13,CUS-0093,STR-104,PRD-010-S,5,56.05,0,4.99,Store,No
ORD-100555,2025-01-30,CUS-0109,STR-107,PRD-003-S,1,42.0,0.05,11.99,Phone,No
ORD-100555,2025-04-10,CUS-0200,STR-103,PRD-009-S,1,89.0,0.1,0,Store,No
ORD-100556,2025-12-21,CUS-0085,STR-103,PRD-006-T,1,133.4,0,4.99,Online,No
ORD-100556,2025-11-04,CUS-0086,STR-105,PRD-011-S,1,35.7,0,7.99,Phone,No
ORD-100557,2025-01-12,CUS-0109,STR-102,PRD-019-S,4,15.0,0.1,4.99,Store,No
ORD-100557,2025-03-25,CUS-0090,STR-102,PRD-010-S,3,59.0,0.05,0,Phone,No
ORD-100558,2025-10-30,CUS-0013,STR-107,PRD-006-S,2,113.05,0,11.99,Store,No
ORD-100558,2025-07-11,CUS-0094,STR-103,PRD-004-T,2,29.5,0.05,0,Online,No
ORD-100559,2025-04-19,CUS-0027,STR-107,PRD-013-T,1,19.82,0,0,Phone,No
ORD-100559,2025-09-30,CUS-0171,STR-107,PRD-009-T,3,105.02,0.15,0,Store,No
ORD-100560,2025-11-19,CUS-0022,STR-105,PRD-006-T,2,133.4,0.1,0,Phone,No
ORD-100560,2025-10-17,CUS-0215,STR-106,PRD-016-T,1,14.16,0,0,Online,No
ORD-100561,2025-08-15,CUS-0159,STR-103,PRD-011-T,1,42.13,0,0,Phone,No
ORD-100561,2025-05-13,CUS-0198,STR-106,PRD-015-S,1,44.0,0.05,4.99,Phone,No
ORD-100562,2025-10-17,CUS-0032,STR-106,PRD-005-T,3,64.9,0.05,0,Online,No
ORD-100562,2025-09-28,CUS-0205,STR-101,PRD-007-S,2,46.55,0.1,11.99,Store,No
ORD-100563,2025-04-30,CUS-0070,STR-104,PRD-020-T,1,63.72,0,0,Online,No
ORD-100563,2025-10-12,CUS-0075,STR-102,PRD-019-T,1,18.59,0,11.99,Online,No
ORD-100564,2025-05-21,CUS-0178,STR-103,PRD-019-T,1,17.7,0,0,Online,No
ORD-100564,2025-05-21,CUS-0008,STR-104,PRD-017-S,2,8.0,0.05,0,Store,Yes
ORD-100565,2025-11-08,CUS-0093,STR-103,PRD-009-S,3,89.0,0.1,0,Store,No
ORD-100565,2025-12-13,CUS-0163,STR-102,PRD-005-T,1,64.9,0.15,11.99,Store,No
ORD-100566,2025-11-13,CUS-0042,STR-103,PRD-012-S,2,22.0,0.1,0,Store,No
ORD-100566,2025-05-02,CUS-0092,STR-106,PRD-017-T,1,9.44,0.1,4.99,Phone,No
ORD-100567,2025-11-25,CUS-0142,STR-101,PRD-003-T,1,52.04,0.1,0,Store,No
ORD-100567,2025-07-19,CUS-0234,STR-101,PRD-001-T,1,223.02,0.05,4.99,Store,No
ORD-100568,2025-11-18,CUS-0024,STR-105,PRD-002-S,1,103.95,0.15,7.99,Phone,No
ORD-100568,2025-09-04,CUS-0152,STR-101,PRD-006-T,1,147.44,0.15,11.99,Phone,No
ORD-100569,2025-02-12,CUS-0146,STR-102,PRD-005-T,2,61.66,0,4.99,Phone,No
ORD-100569,2025-06-01,CUS-0085,STR-106,PRD-001-S,1,198.45,0.15,4.99,Store,No
ORD-100570,2025-06-16,CUS-0147,STR-104,PRD-001-S,2,189.0,0,0,Store,No
ORD-100570,2025-01-15,CUS-0043,STR-107,PRD-015-S,2,46.2,0.1,11.99,Online,No
ORD-100571,2025-01-20,CUS-0056,STR-101,PRD-006-T,3,140.42,0.15,0,Online,No
ORD-100571,2025-08-19,CUS-0063,STR-106,PRD-006-S,3,119.0,0.1,11.99,Phone,Yes
ORD-100572,2025-02-21,CUS-0049,STR-103,PRD-006-T,1,133.4,0,4.99,Store,No
ORD-100572,2025-06-15,CUS-0028,STR-106,PRD-015-T,2,49.32,0.15,0,Online,No
ORD-100573,2025-04-20,CUS-0139,STR-104,PRD-007-T,1,57.82,0,11.99,Phone,No
ORD-100573,2025-03-28,CUS-0073,STR-103,PRD-016-T,1,13.45,0.1,4.99,Online,No
ORD-100574,2025-07-16,CUS-0015,STR-103,PRD-008-T,1,21.24,0.1,0,Phone,No
ORD-100574,2025-06-05,CUS-0011,STR-101,PRD-008-S,1,18.0,0.15,0,Phone,No
ORD-100575,2025-04-29,CUS-0244,STR-104,PRD-019-T,1,17.7,0.05,0,Store,No
ORD-100575,2025-08-22,CUS-0081,STR-106,PRD-005-T,1,64.9,0.15,7.99,Online,No
ORD-100576,2025-02-15,CUS-0098,STR-104,PRD-015-S,1,41.8,0.1,0,Phone,No
ORD-100576,2025-11-28,CUS-0238,STR-104,PRD-012-S,1,22.0,0.15,0,Phone,No
ORD-100577,2025-05-02,CUS-0073,STR-105,PRD-015-T,2,54.52,0.1,7.99,Online,No
ORD-100577,2025-04-07,CUS-0104,STR-105,PRD-004-T,1,30.98,0.1,0,Phone,No
ORD-100578,2025-11-04,CUS-0075,STR-104,PRD-005-S,3,57.75,0,7.99,Phone,No
ORD-100578,2025-09-05,CUS-0006,STR-103,PRD-012-S,1,22.0,0.15,0,Online,No
ORD-100579,2025-09-29,CUS-0089,STR-103,PRD-015-T,4,54.52,0.05,11.99,Online,No
ORD-100579,2025-08-17,CUS-0088,STR-103,PRD-008-S,2,18.0,0.1,0,Phone,No
ORD-100580,2025-11-08,CUS-0186,STR-103,PRD-003-T,1,47.08,0,4.99,Store,Yes
ORD-100580,2025-12-19,CUS-0110,STR-107,PRD-003-S,1,42.0,0.05,0,Phone,No
ORD-100581,2025-11-02,CUS-0173,STR-103,PRD-011-T,2,42.13,0,0,Store,No
ORD-100581,2025-05-01,CUS-0069,STR-106,PRD-009-S,5,89.0,0,4.99,Online,No
ORD-100582,2025-10-28,CUS-0136,STR-103,PRD-019-S,1,15.0,0.05,0,Phone,No
ORD-100582,2025-10-13,CUS-0034,STR-103,PRD-020-S,3,56.7,0.15,7.99,Online,No
ORD-100583,2025-06-22,CUS-0142,STR-106,PRD-016-T,1,13.45,0,7.99,Phone,No
ORD-100583,2025-03-01,CUS-0134,STR-106,PRD-002-S,2,99.0,0.05,0,Store,No
ORD-100584,2025-09-06,CUS-0028,STR-106,PRD-016-T,1,14.16,0,7.99,Online,No
ORD-100584,2025-09-29,CUS-0204,STR-107,PRD-012-S,1,20.9,0.1,7.99,Online,Yes
ORD-100585,2025-11-01,CUS-0075,STR-107,PRD-020-T,3,66.91,0,11.99,Store,Yes
ORD-100585,2025-09-07,CUS-0056,STR-101,PRD-016-T,1,14.16,0.1,7.99,Store,No
ORD-100586,2025-09-16,CUS-0125,STR-104,PRD-013-S,1,16.8,0,0,Phone,No
ORD-100586,2025-09-08,CUS-0027,STR-101,PRD-010-T,3,69.62,0.15,0,Online,No
ORD-100587,2025-04-15,CUS-0058,STR-102,PRD-018-S,1,29.0,0.1,7.99,Phone,No
ORD-100587,2025-03-26,CUS-0090,STR-104,PRD-005-T,2,68.15,0,0,Online,No
ORD-100588,2025-03-06,CUS-0100,STR-102,PRD-002-T,5,116.82,0,0,Store,No
ORD-100588,2025-12-28,CUS-0104,STR-107,PRD-006-T,1,133.4,0.05,4.99,Online,No
ORD-100589,2025-08-02,CUS-0110,STR-106,PRD-003-T,3,52.04,0.05,4.99,Store,No
ORD-100589,2025-12-11,CUS-0002,STR-106,PRD-010-T,2,69.62,0.15,4.99,Online,No
ORD-100590,2025-08-22,CUS-0090,STR-106,PRD-016-S,1,12.6,0,11.99,Store,No
ORD-100590,2025-01-31,CUS-0041,STR-106,PRD-009-T,3,105.02,0.1,11.99,Store,No
ORD-100591,2025-08-17,CUS-0044,STR-105,PRD-001-S,3,189.0,0.15,4.99,Online,No
ORD-100591,2025-02-05,CUS-0197,STR-107,PRD-014-S,1,36.75,0,0,Store,No
ORD-100592,2025-08-14,CUS-0071,STR-103,PRD-003-T,1,49.56,0,0,Phone,No
ORD-100592,2025-03-13,CUS-0110,STR-105,PRD-007-T,2,57.82,0.15,7.99,Store,No
ORD-100593,2025-12-15,CUS-0138,STR-103,PRD-009-S,1,89.0,0,7.99,Phone,No
ORD-100593,2025-12-28,CUS-0031,STR-106,PRD-015-T,2,49.32,0.1,0,Online,No
ORD-100594,2025-11-03,CUS-0158,STR-105,PRD-002-T,1,116.82,0.1,4.99,Store,No
ORD-100594,2025-05-27,CUS-0096,STR-104,PRD-001-S,3,179.55,0.15,0,Online,No
ORD-100595,2025-11-11,CUS-0011,STR-103,PRD-009-S,1,93.45,0.1,0,Store,No
ORD-100595,2025-07-31,CUS-0051,STR-102,PRD-007-S,1,46.55,0.1,4.99,Store,No
ORD-100596,2025-05-04,CUS-0040,STR-104,PRD-020-T,1,63.72,0.05,4.99,Store,No
ORD-100596,2025-05-02,CUS-0156,STR-107,PRD-006-S,1,119.0,0.15,0,Store,No
ORD-100597,2025-04-25,CUS-0219,STR-107,PRD-013-S,1,16.0,0.1,0,Phone,No
ORD-100597,2025-12-09,CUS-0239,STR-102,PRD-009-S,1,89.0,0,0,Online,No
ORD-100598,2025-11-17,CUS-0089,STR-102,PRD-019-T,2,16.81,0.1,0,Phone,No
ORD-100598,2025-03-15,CUS-0138,STR-105,PRD-013-S,2,16.0,0.1,7.99,Store,No
ORD-100599,2025-03-06,CUS-0168,STR-107,PRD-007-S,2,49.0,0.15,11.99,Store,No
ORD-100599,2025-02-08,CUS-0192,STR-101,PRD-010-S,1,59.0,0,0,Online,No
ORD-100600,2025-10-21,CUS-0117,STR-107,PRD-017-T,1,8.97,0.05,0,Online,No
ORD-100600,2025-02-27,CUS-0025,STR-103,PRD-007-T,4,57.82,0.15,0,Store,No
ORD-100601,2025-07-26,CUS-0210,STR-103,PRD-016-S,2,12.0,0.1,11.99,Phone,No
ORD-100601,2025-05-28,CUS-0183,STR-106,PRD-014-T,1,39.23,0,4.99,Store,No
ORD-100602,2025-02-11,CUS-0184,STR-103,PRD-003-T,2,49.56,0.15,0,Phone,No
ORD-100602,2025-08-06,CUS-0238,STR-105,PRD-003-S,2,42.0,0.15,11.99,Store,No
ORD-100603,2025-08-09,CUS-0236,STR-106,PRD-020-S,1,56.7,0.05,0,Phone,No
ORD-100603,2025-12-12,CUS-0155,STR-101,PRD-003-S,3,42.0,0,7.99,Online,No
ORD-100604,2025-10-10,CUS-0004,STR-101,PRD-014-S,1,35.0,0.05,0,Online,No
ORD-100604,2025-03-19,CUS-0127,STR-101,PRD-010-S,2,59.0,0,11.99,Store,No
ORD-100605,2025-08-26,CUS-0188,STR-102,PRD-006-T,1,140.42,0.05,0,Phone,No
ORD-100605,2025-11-13,CUS-0249,STR-106,PRD-007-T,3,57.82,0,0,Online,No
ORD-100606,2025-02-20,CUS-0173,STR-105,PRD-005-T,1,68.15,0,7.99,Phone,No
ORD-100606,2025-09-25,CUS-0186,STR-103,PRD-001-S,1,179.55,0,7.99,Store,No
ORD-100607,2025-02-05,CUS-0240,STR-101,PRD-001-S,1,189.0,0.05,4.99,Store,No
ORD-100607,2025-07-30,CUS-0182,STR-103,PRD-012-T,1,27.26,0.15,7.99,Store,No
ORD-100608,2025-12-08,CUS-0227,STR-105,PRD-014-S,1,33.25,0.15,11.99,Store,No
ORD-100608,2025-10-23,CUS-0197,STR-101,PRD-008-T,2,21.24,0.05,7.99,Online,No
ORD-100609,2025-05-21,CUS-0170,STR-103,PRD-003-T,3,47.08,0,0,Store,No
ORD-100609,2025-10-18,CUS-0207,STR-106,PRD-003-S,1,44.1,0.1,7.99,Store,Yes
ORD-100610,2025-07-30,CUS-0091,STR-104,PRD-015-T,1,54.52,0.05,0,Phone,No
ORD-100610,2025-12-01,CUS-0059,STR-105,PRD-017-T,1,9.44,0.1,7.99,Phone,No
ORD-100611,2025-03-18,CUS-0113,STR-107,PRD-014-T,1,41.3,0,11.99,Store,No
ORD-100611,2025-02-04,CUS-0134,STR-101,PRD-008-S,1,18.9,0,0,Online,No
ORD-100612,2025-06-12,CUS-0064,STR-107,PRD-001-T,1,223.02,0.05,0,Phone,No
ORD-100612,2025-08-30,CUS-0054,STR-104,PRD-019-T,1,18.59,0.15,11.99,Store,No
ORD-100613,2025-02-19,CUS-0112,STR-106,PRD-006-T,3,147.44,0.05,0,Store,No
ORD-100613,2025-08-19,CUS-0173,STR-102,PRD-003-S,1,42.0,0,11.99,Phone,No
ORD-100614,2025-05-31,CUS-0024,STR-103,PRD-011-T,5,42.13,0,4.99,Phone,No
ORD-100614,2025-01-20,CUS-0067,STR-103,PRD-018-T,2,34.22,0,0,Online,No
ORD-100615,2025-06-21,CUS-0041,STR-103,PRD-014-S,2,35.0,0.05,0,Online,Yes
ORD-100615,2025-05-24,CUS-0088,STR-103,PRD-018-S,1,29.0,0.1,7.99,Store,No
ORD-100616,2025-11-01,CUS-0167,STR-101,PRD-005-T,1,64.9,0.15,0,Store,No
ORD-100616,2025-10-29,CUS-0129,STR-101,PRD-016-S,4,12.0,0.15,4.99,Online,No
ORD-100617,2025-02-01,CUS-0178,STR-107,PRD-004-S,2,25.0,0,11.99,Online,No
ORD-100617,2025-10-20,CUS-0205,STR-103,PRD-007-T,2,57.82,0.15,0,Phone,No
ORD-100618,2025-02-07,CUS-0093,STR-101,PRD-011-T,1,42.13,0,0,Store,No
ORD-100618,2025-07-17,CUS-0028,STR-102,PRD-006-T,2,140.42,0.15,0,Phone,No
ORD-100619,2025-10-01,CUS-0132,STR-102,PRD-008-T,1,22.3,0.05,0,Online,No
ORD-100619,2025-06-18,CUS-0198,STR-102,PRD-016-S,4,12.6,0,0,Store,No
ORD-100620,2025-05-02,CUS-0114,STR-103,PRD-020-S,1,51.3,0,4.99,Phone,Yes
ORD-100620,2025-01-05,CUS-0001,STR-106,PRD-011-S,2,34.0,0,4.99,Online,No
ORD-100621,2025-07-28,CUS-0064,STR-105,PRD-009-S,3,89.0,0,4.99,Phone,No
ORD-100621,2025-09-12,CUS-0091,STR-103,PRD-019-S,1,14.25,0.1,7.99,Phone,No
ORD-100622,2025-11-07,CUS-0121,STR-102,PRD-004-T,1,29.5,0.05,0,Store,Yes
ORD-100622,2025-08-25,CUS-0097,STR-104,PRD-015-S,2,44.0,0.1,7.99,Phone,No
ORD-100623,2025-01-24,CUS-0194,STR-101,PRD-015-T,2,51.92,0.15,0,Store,No
ORD-100623,2025-08-17,CUS-0058,STR-107,PRD-001-T,1,223.02,0.1,4.99,Online,No
ORD-100624,2025-07-28,CUS-0189,STR-104,PRD-010-T,1,69.62,0.05,0,Phone,No
ORD-100624,2025-10-12,CUS-0137,STR-103,PRD-006-T,4,140.42,0.05,0,Online,No
ORD-100625,2025-07-12,CUS-0210,STR-105,PRD-016-T,1,14.16,0,4.99,Online,No
ORD-100625,2025-03-25,CUS-0051,STR-101,PRD-003-T,1,52.04,0,0,Phone,No
ORD-100626,2025-06-23,CUS-0230,STR-103,PRD-013-T,1,18.88,0.05,11.99,Store,No
ORD-100626,2025-05-18,CUS-0185,STR-103,PRD-020-S,1,54.0,0.05,0,Online,No
ORD-100627,2025-11-13,CUS-0060,STR-107,PRD-001-S,2,189.0,0,7.99,Store,No
ORD-100627,2025-06-13,CUS-0036,STR-106,PRD-011-S,4,34.0,0,7.99,Phone,No
ORD-100628,2025-09-08,CUS-0080,STR-107,PRD-019-T,2,18.59,0.1,0,Online,No
ORD-100628,2025-01-11,CUS-0148,STR-101,PRD-008-T,1,20.18,0.1,0,Store,No
ORD-100629,2025-10-19,CUS-0200,STR-106,PRD-019-T,1,17.7,0.05,0,Store,No
ORD-100629,2025-09-19,CUS-0032,STR-103,PRD-013-T,4,17.94,0.05,0,Online,No
ORD-100630,2025-03-26,CUS-0123,STR-102,PRD-015-T,1,51.92,0,0,Phone,No
ORD-100630,2025-05-27,CUS-0218,STR-102,PRD-010-S,2,59.0,0,0,Store,No
ORD-100631,2025-01-06,CUS-0230,STR-101,PRD-010-T,3,69.62,0.1,11.99,Store,No
ORD-100631,2025-10-31,CUS-0068,STR-103,PRD-018-T,1,34.22,0,4.99,Online,No
ORD-100632,2025-08-06,CUS-0130,STR-101,PRD-018-T,1,35.93,0,4.99,Store,No
ORD-100632,2025-08-12,CUS-0115,STR-107,PRD-014-T,3,43.37,0.1,11.99,Phone,No
ORD-100633,2025-06-14,CUS-0100,STR-106,PRD-005-T,1,61.66,0.05,7.99,Store,No
ORD-100633,2025-01-04,CUS-0029,STR-106,PRD-003-S,1,42.0,0.1,4.99,Phone,Yes
ORD-100634,2025-05-02,CUS-0010,STR-107,PRD-009-T,1,99.77,0.1,0,Online,No
ORD-100634,2025-06-22,CUS-0062,STR-103,PRD-020-S,3,54.0,0.05,0,Online,No
ORD-100635,2025-06-08,CUS-0191,STR-103,PRD-020-S,1,54.0,0.15,0,Phone,No
ORD-100635,2025-05-29,CUS-0205,STR-102,PRD-009-T,2,99.77,0,4.99,Store,No
ORD-100636,2025-03-23,CUS-0033,STR-103,PRD-010-T,1,69.62,0,11.99,Phone,No
ORD-100636,2025-08-06,CUS-0123,STR-102,PRD-020-S,1,54.0,0.1,7.99,Phone,No
ORD-100637,2025-05-17,CUS-0006,STR-105,PRD-014-T,2,41.3,0.05,4.99,Store,No
ORD-100637,2025-03-24,CUS-0149,STR-107,PRD-010-S,3,59.0,0,0,Online,No
ORD-100638,2025-12-10,CUS-0184,STR-102,PRD-020-T,2,60.53,0.05,0,Store,No
ORD-100638,2025-09-18,CUS-0106,STR-104,PRD-007-S,2,49.0,0.15,11.99,Online,No
ORD-100639,2025-10-25,CUS-0231,STR-102,PRD-012-S,2,22.0,0.1,0,Store,No
ORD-100639,2025-08-16,CUS-0009,STR-104,PRD-009-S,4,93.45,0.15,0,Store,No
ORD-100640,2025-11-07,CUS-0112,STR-105,PRD-009-T,2,99.77,0.05,7.99,Store,No
ORD-100640,2025-05-10,CUS-0058,STR-102,PRD-003-T,4,52.04,0.05,11.99,Store,No
ORD-100641,2025-02-19,CUS-0131,STR-107,PRD-017-S,1,7.6,0.1,11.99,Phone,No
ORD-100641,2025-09-03,CUS-0102,STR-106,PRD-006-S,1,119.0,0,0,Store,No
ORD-100642,2025-05-11,CUS-0011,STR-106,PRD-011-S,1,34.0,0.05,0,Store,No
ORD-100642,2025-11-05,CUS-0236,STR-107,PRD-004-T,3,29.5,0.05,7.99,Online,No
ORD-100643,2025-05-26,CUS-0147,STR-107,PRD-019-S,3,15.0,0.15,4.99,Online,No
ORD-100643,2025-03-04,CUS-0097,STR-106,PRD-015-T,2,49.32,0.05,0,Store,No
ORD-100644,2025-08-07,CUS-0133,STR-106,PRD-012-T,3,25.96,0,4.99,Phone,No
ORD-100644,2025-01-21,CUS-0235,STR-104,PRD-020-T,2,63.72,0.05,11.99,Phone,No
ORD-100645,2025-02-27,CUS-0061,STR-101,PRD-020-S,2,51.3,0,0,Phone,No
ORD-100645,2025-07-11,CUS-0233,STR-103,PRD-013-S,1,16.8,0.05,0,Store,No
ORD-100646,2025-08-25,CUS-0036,STR-107,PRD-013-T,2,17.94,0.05,11.99,Phone,No
ORD-100646,2025-05-27,CUS-0137,STR-102,PRD-010-T,2,66.14,0.15,0,Store,No
ORD-100647,2025-10-09,CUS-0049,STR-105,PRD-009-T,1,110.27,0.15,7.99,Store,No
ORD-100647,2025-03-29,CUS-0109,STR-102,PRD-019-S,2,15.0,0.05,0,Store,No
ORD-100648,2025-07-19,CUS-0235,STR-101,PRD-005-S,1,57.75,0,0,Online,No
ORD-100648,2025-11-02,CUS-0140,STR-106,PRD-020-T,3,63.72,0.05,11.99,Online,No
ORD-100649,2025-07-13,CUS-0196,STR-104,PRD-018-S,1,29.0,0.15,0,Online,No
ORD-100649,2025-01-04,CUS-0215,STR-107,PRD-011-S,2,32.3,0.1,0,Online,No
ORD-100650,2025-10-26,CUS-0027,STR-102,PRD-004-T,4,29.5,0.15,0,Online,No
ORD-100650,2025-04-28,CUS-0241,STR-106,PRD-013-S,2,15.2,0,7.99,Phone,No
ORD-100651,2025-10-31,CUS-0179,STR-106,PRD-017-T,2,9.44,0,11.99,Store,No
ORD-100651,2025-05-21,CUS-0117,STR-104,PRD-018-S,1,30.45,0.05,7.99,Store,Yes
ORD-100652,2025-06-18,CUS-0233,STR-106,PRD-002-S,1,99.0,0.1,0,Store,No
ORD-100652,2025-03-16,CUS-0192,STR-101,PRD-003-S,1,42.0,0,0,Phone,Yes
ORD-100653,2025-10-15,CUS-0053,STR-102,PRD-001-T,2,234.17,0,0,Store,No
ORD-100653,2025-01-29,CUS-0174,STR-102,PRD-013-S,2,16.8,0.1,0,Store,No
ORD-100654,2025-12-19,CUS-0064,STR-103,PRD-005-S,1,52.25,0.1,0,Store,No
ORD-100654,2025-06-21,CUS-0075,STR-102,PRD-006-S,2,119.0,0.15,11.99,Phone,No
ORD-100655,2025-07-06,CUS-0104,STR-103,PRD-014-S,2,33.25,0,0,Store,No
ORD-100655,2025-07-27,CUS-0232,STR-106,PRD-008-T,1,21.24,0,0,Online,No
ORD-100656,2025-02-06,CUS-0133,STR-107,PRD-007-S,1,51.45,0.1,11.99,Phone,No
ORD-100656,2025-10-15,CUS-0246,STR-105,PRD-005-T,5,64.9,0,0,Phone,No
ORD-100657,2025-05-30,CUS-0042,STR-101,PRD-007-T,1,57.82,0,4.99,Online,No
ORD-100657,2025-05-06,CUS-0187,STR-105,PRD-018-T,2,34.22,0,7.99,Phone,Yes
ORD-100658,2025-02-27,CUS-0228,STR-107,PRD-013-S,1,16.8,0.05,7.99,Online,No
ORD-100658,2025-11-29,CUS-0150,STR-102,PRD-010-S,1,61.95,0.05,11.99,Store,No
ORD-100659,2025-01-13,CUS-0147,STR-105,PRD-007-T,2,57.82,0,7.99,Store,Yes
ORD-100659,2025-09-15,CUS-0174,STR-101,PRD-016-S,2,11.4,0.05,0,Store,No
ORD-100660,2025-08-18,CUS-0189,STR-104,PRD-014-T,1,41.3,0.15,4.99,Phone,No
ORD-100660,2025-03-12,CUS-0199,STR-104,PRD-007-S,1,46.55,0,0,Store,No
ORD-100661,2025-05-27,CUS-0221,STR-102,PRD-009-T,1,105.02,0.15,11.99,Online,No
ORD-100661,2025-01-31,CUS-0223,STR-107,PRD-011-S,4,35.7,0,0,Phone,No
ORD-100662,2025-07-10,CUS-0022,STR-106,PRD-018-T,2,34.22,0.05,11.99,Phone,No
ORD-100662,2025-03-02,CUS-0216,STR-103,PRD-001-S,1,189.0,0.15,4.99,Phone,No
ORD-100663,2025-04-17,CUS-0099,STR-103,PRD-004-S,1,25.0,0,0,Phone,No
ORD-100663,2025-06-04,CUS-0148,STR-106,PRD-014-S,2,35.0,0.05,0,Online,No
ORD-100664,2025-09-20,CUS-0160,STR-105,PRD-008-T,2,20.18,0,0,Store,No
ORD-100664,2025-02-27,CUS-0108,STR-106,PRD-019-T,1,17.7,0,4.99,Phone,No
ORD-100665,2025-11-03,CUS-0021,STR-103,PRD-007-S,1,49.0,0.15,11.99,Phone,No
ORD-100665,2025-05-29,CUS-0142,STR-106,PRD-002-T,1,122.66,0.1,11.99,Store,No
ORD-100666,2025-04-30,CUS-0126,STR-104,PRD-019-S,1,15.75,0.05,0,Phone,No
ORD-100666,2025-05-20,CUS-0145,STR-106,PRD-018-S,1,29.0,0.15,4.99,Store,No
ORD-100667,2025-09-24,CUS-0068,STR-103,PRD-020-T,2,60.53,0.1,7.99,Store,No
ORD-100667,2025-10-16,CUS-0140,STR-102,PRD-003-S,4,42.0,0.1,11.99,Phone,No
ORD-100668,2025-08-27,CUS-0133,STR-107,PRD-001-S,3,189.0,0.05,11.99,Store,No
ORD-100668,2025-08-01,CUS-0208,STR-101,PRD-016-T,1,13.45,0.1,11.99,Online,No
ORD-100669,2025-06-13,CUS-0148,STR-107,PRD-006-T,2,140.42,0.1,0,Store,No
ORD-100669,2025-01-17,CUS-0166,STR-104,PRD-014-S,1,35.0,0.15,11.99,Phone,No
ORD-100670,2025-06-17,CUS-0181,STR-104,PRD-020-S,2,56.7,0,11.99,Online,Yes
ORD-100670,2025-06-07,CUS-0035,STR-107,PRD-017-S,2,8.0,0,4.99,Store,No
ORD-100671,2025-01-12,CUS-0067,STR-102,PRD-012-T,1,27.26,0.1,0,Online,No
ORD-100671,2025-11-28,CUS-0148,STR-103,PRD-009-T,4,99.77,0,0,Store,Yes
ORD-100672,2025-04-25,CUS-0158,STR-101,PRD-009-T,2,99.77,0.15,7.99,Online,No
ORD-100672,2025-01-30,CUS-0205,STR-107,PRD-015-S,2,46.2,0.05,0,Online,No
ORD-100673,2025-03-10,CUS-0154,STR-105,PRD-009-S,2,89.0,0,0,Phone,No
ORD-100673,2025-12-25,CUS-0136,STR-101,PRD-002-S,2,99.0,0.1,11.99,Store,No
ORD-100674,2025-05-18,CUS-0248,STR-106,PRD-016-S,1,12.0,0,7.99,Phone,No
ORD-100674,2025-04-17,CUS-0243,STR-106,PRD-004-S,3,23.75,0,0,Phone,No
ORD-100675,2025-10-03,CUS-0221,STR-103,PRD-016-S,3,12.0,0.1,0,Online,No
ORD-100675,2025-05-09,CUS-0093,STR-102,PRD-009-S,2,89.0,0,0,Phone,No
ORD-100676,2025-10-29,CUS-0151,STR-101,PRD-020-S,1,54.0,0,0,Phone,No
ORD-100676,2025-10-06,CUS-0198,STR-103,PRD-015-S,3,46.2,0.1,0,Phone,No
ORD-100677,2025-11-24,CUS-0171,STR-106,PRD-001-S,1,189.0,0.05,0,Store,No
ORD-100677,2025-04-12,CUS-0084,STR-102,PRD-003-S,1,44.1,0.15,11.99,Phone,No
ORD-100678,2025-07-11,CUS-0002,STR-105,PRD-012-S,1,22.0,0,0,Store,No
ORD-100678,2025-08-19,CUS-0117,STR-103,PRD-009-S,1,89.0,0.15,7.99,Online,No
ORD-100679,2025-09-10,CUS-0003,STR-104,PRD-012-T,2,25.96,0.15,0,Phone,No
ORD-100679,2025-10-04,CUS-0159,STR-101,PRD-005-T,3,68.15,0.05,0,Phone,No
ORD-100680,2025-02-07,CUS-0209,STR-106,PRD-005-S,1,52.25,0.1,4.99,Phone,No
ORD-100680,2025-09-03,CUS-0133,STR-104,PRD-001-T,1,211.87,0,0,Phone,No
ORD-100681,2025-06-13,CUS-0132,STR-105,PRD-009-S,1,84.55,0,0,Phone,No
ORD-100681,2025-08-16,CUS-0041,STR-105,PRD-002-T,4,116.82,0.1,0,Phone,No
ORD-100682,2025-11-01,CUS-0186,STR-101,PRD-006-T,1,133.4,0.05,7.99,Online,No
ORD-100682,2025-12-28,CUS-0053,STR-102,PRD-004-S,2,25.0,0,11.99,Online,No
ORD-100683,2025-05-05,CUS-0057,STR-101,PRD-006-S,3,113.05,0,0,Online,No
ORD-100683,2025-04-27,CUS-0039,STR-105,PRD-003-T,3,49.56,0,0,Phone,No
ORD-100684,2025-10-19,CUS-0004,STR-104,PRD-014-S,4,35.0,0.1,7.99,Online,No
ORD-100684,2025-06-13,CUS-0076,STR-102,PRD-014-S,5,36.75,0,4.99,Phone,No
ORD-100685,2025-04-03,CUS-0042,STR-101,PRD-001-S,2,189.0,0.1,0,Phone,No
ORD-100685,2025-10-20,CUS-0108,STR-107,PRD-004-S,2,25.0,0.15,0,Store,No
ORD-100686,2025-01-18,CUS-0080,STR-106,PRD-003-T,1,49.56,0.1,0,Online,No
ORD-100686,2025-03-22,CUS-0027,STR-103,PRD-001-S,5,189.0,0,7.99,Phone,Yes
ORD-100687,2025-03-25,CUS-0036,STR-103,PRD-004-T,1,30.98,0,4.99,Phone,No
ORD-100687,2025-10-18,CUS-0023,STR-103,PRD-019-T,2,17.7,0.15,11.99,Online,No
ORD-100688,2025-08-07,CUS-0193,STR-103,PRD-010-S,3,56.05,0.15,0,Online,No
ORD-100688,2025-06-04,CUS-0170,STR-103,PRD-016-T,5,14.16,0,7.99,Online,No
ORD-100689,2025-05-31,CUS-0125,STR-101,PRD-003-S,1,44.1,0,0,Phone,No
ORD-100689,2025-06-01,CUS-0030,STR-104,PRD-005-T,3,64.9,0,0,Online,No
ORD-100690,2025-04-30,CUS-0111,STR-102,PRD-010-T,3,66.14,0.05,0,Store,No
ORD-100690,2025-07-14,CUS-0043,STR-102,PRD-015-S,4,41.8,0.05,7.99,Online,Yes
ORD-100691,2025-06-03,CUS-0003,STR-101,PRD-012-T,1,27.26,0,0,Phone,Yes
ORD-100691,2025-11-10,CUS-0094,STR-105,PRD-004-S,2,23.75,0.15,11.99,Store,No
ORD-100692,2025-09-30,CUS-0078,STR-107,PRD-013-T,3,18.88,0,4.99,Phone,Yes
ORD-100692,2025-02-20,CUS-0173,STR-103,PRD-004-T,3,30.98,0.1,7.99,Store,No
ORD-100693,2025-09-18,CUS-0155,STR-101,PRD-003-S,5,42.0,0.15,0,Online,No
ORD-100693,2025-10-21,CUS-0050,STR-103,PRD-004-S,1,23.75,0.15,0,Online,No
ORD-100694,2025-06-29,CUS-0248,STR-104,PRD-017-S,1,8.0,0.1,11.99,Phone,No
ORD-100694,2025-08-25,CUS-0123,STR-102,PRD-014-T,1,41.3,0,11.99,Phone,No
ORD-100695,2025-06-12,CUS-0063,STR-101,PRD-012-S,1,23.1,0.05,0,Online,Yes
ORD-100695,2025-12-14,CUS-0165,STR-104,PRD-010-T,2,66.14,0.1,7.99,Store,No
ORD-100696,2025-05-18,CUS-0035,STR-105,PRD-019-T,3,17.7,0.1,0,Online,No
ORD-100696,2025-05-01,CUS-0156,STR-101,PRD-011-S,2,34.0,0.1,0,Online,No
ORD-100697,2025-02-25,CUS-0119,STR-101,PRD-012-S,1,22.0,0,0,Online,No
ORD-100697,2025-08-16,CUS-0165,STR-106,PRD-010-S,2,59.0,0,4.99,Online,No
ORD-100698,2025-06-25,CUS-0037,STR-106,PRD-012-S,4,23.1,0.05,0,Online,No
ORD-100698,2025-02-12,CUS-0005,STR-105,PRD-002-T,2,110.98,0.05,0,Online,No
ORD-100699,2025-02-26,CUS-0116,STR-107,PRD-009-T,1,110.27,0,0,Store,Yes
ORD-100699,2025-05-01,CUS-0134,STR-101,PRD-006-T,1,140.42,0,4.99,Phone,No
ORD-100700,2025-09-08,CUS-0130,STR-105,PRD-012-S,2,23.1,0.05,0,Online,No
ORD-100700,2025-06-06,CUS-0173,STR-103,PRD-003-S,2,44.1,0.1,4.99,Phone,No
ORD-100701,2025-07-30,CUS-0237,STR-102,PRD-018-T,4,32.51,0.1,11.99,Online,No
ORD-100701,2025-03-20,CUS-0024,STR-101,PRD-006-T,1,140.42,0.1,0,Phone,No
ORD-100702,2025-09-28,CUS-0084,STR-104,PRD-003-T,1,49.56,0,0,Store,No
ORD-100702,2025-06-12,CUS-0037,STR-106,PRD-009-T,2,105.02,0.05,4.99,Store,No
ORD-100703,2025-01-27,CUS-0193,STR-103,PRD-005-S,3,52.25,0,11.99,Phone,No
ORD-100703,2025-03-12,CUS-0126,STR-106,PRD-002-S,1,94.05,0,11.99,Store,No
ORD-100704,2025-01-29,CUS-0019,STR-106,PRD-004-S,3,25.0,0.05,11.99,Store,No
ORD-100704,2025-05-10,CUS-0006,STR-107,PRD-008-S,2,18.0,0.15,7.99,Store,No
ORD-100705,2025-12-09,CUS-0237,STR-105,PRD-011-S,2,34.0,0.1,11.99,Phone,No
ORD-100705,2025-05-16,CUS-0011,STR-104,PRD-015-S,1,46.2,0.1,4.99,Store,No
ORD-100706,2025-09-29,CUS-0121,STR-106,PRD-002-T,1,122.66,0.1,4.99,Store,No
ORD-100706,2025-07-13,CUS-0216,STR-105,PRD-011-S,5,32.3,0.05,0,Store,No
ORD-100707,2025-12-20,CUS-0012,STR-103,PRD-005-S,2,52.25,0,0,Online,No
ORD-100707,2025-10-22,CUS-0024,STR-103,PRD-012-S,1,20.9,0.05,4.99,Phone,No
ORD-100708,2025-09-30,CUS-0131,STR-104,PRD-004-T,3,30.98,0,11.99,Phone,No
ORD-100708,2025-09-06,CUS-0053,STR-107,PRD-010-T,2,73.1,0,0,Store,No
ORD-100709,2025-07-11,CUS-0064,STR-104,PRD-018-S,1,27.55,0.05,0,Store,No
ORD-100709,2025-09-12,CUS-0136,STR-107,PRD-007-T,2,54.93,0.15,4.99,Store,No
ORD-100710,2025-01-03,CUS-0068,STR-102,PRD-019-S,1,15.0,0,7.99,Phone,No
ORD-100710,2025-01-24,CUS-0011,STR-104,PRD-007-T,4,60.71,0.05,11.99,Online,No
ORD-100711,2025-10-22,CUS-0144,STR-106,PRD-017-T,2,9.91,0,7.99,Online,No
ORD-100711,2025-09-12,CUS-0148,STR-103,PRD-011-T,1,38.11,0.15,4.99,Online,No
ORD-100712,2025-08-23,CUS-0075,STR-104,PRD-001-S,1,179.55,0.15,0,Online,No
ORD-100712,2025-02-23,CUS-0134,STR-101,PRD-005-T,3,68.15,0.05,4.99,Online,Yes
ORD-100713,2025-05-29,CUS-0198,STR-104,PRD-004-S,1,25.0,0.15,7.99,Phone,No
ORD-100713,2025-05-04,CUS-0189,STR-104,PRD-012-S,4,20.9,0.1,7.99,Store,No
ORD-100714,2025-12-15,CUS-0017,STR-106,PRD-011-S,1,34.0,0.15,0,Phone,No
ORD-100714,2025-10-12,CUS-0096,STR-104,PRD-006-T,2,147.44,0.15,0,Phone,No
ORD-100715,2025-12-08,CUS-0066,STR-101,PRD-013-S,1,15.2,0.15,4.99,Store,No
ORD-100715,2025-12-12,CUS-0181,STR-106,PRD-011-T,3,38.11,0.15,11.99,Phone,No
ORD-100716,2025-07-29,CUS-0069,STR-105,PRD-017-S,1,8.0,0.1,4.99,Store,Yes
ORD-100716,2025-06-19,CUS-0034,STR-106,PRD-002-T,1,116.82,0,7.99,Phone,No
ORD-100717,2025-04-18,CUS-0023,STR-104,PRD-005-S,1,55.0,0.05,11.99,Phone,No
ORD-100717,2025-06-23,CUS-0062,STR-106,PRD-016-T,2,14.16,0.1,11.99,Phone,No
ORD-100718,2025-01-24,CUS-0175,STR-105,PRD-005-S,1,52.25,0.1,4.99,Store,No
ORD-100718,2025-05-02,CUS-0194,STR-107,PRD-014-S,4,36.75,0.05,7.99,Phone,No
ORD-100719,2025-07-08,CUS-0129,STR-104,PRD-018-S,2,27.55,0.15,7.99,Online,Yes
ORD-100719,2025-06-23,CUS-0200,STR-105,PRD-012-T,2,25.96,0,0,Online,No
ORD-100720,2025-08-17,CUS-0242,STR-104,PRD-011-S,2,35.7,0,0,Phone,No
ORD-100720,2025-09-24,CUS-0171,STR-105,PRD-018-S,2,30.45,0,7.99,Phone,No
ORD-100721,2025-07-25,CUS-0015,STR-102,PRD-008-T,2,21.24,0.15,0,Store,No
ORD-100721,2025-07-06,CUS-0113,STR-103,PRD-010-S,2,56.05,0.1,11.99,Online,Yes
ORD-100722,2025-10-24,CUS-0030,STR-103,PRD-004-T,1,30.98,0,11.99,Online,No
ORD-100722,2025-06-12,CUS-0245,STR-107,PRD-020-T,1,63.72,0,7.99,Phone,No
ORD-100723,2025-09-29,CUS-0108,STR-102,PRD-016-S,1,11.4,0.05,4.99,Online,No
ORD-100723,2025-09-16,CUS-0216,STR-103,PRD-015-T,1,51.92,0.05,0,Phone,Yes
ORD-100724,2025-01-24,CUS-0143,STR-102,PRD-010-S,2,59.0,0.15,0,Online,No
ORD-100724,2025-02-09,CUS-0171,STR-104,PRD-002-S,1,99.0,0,7.99,Store,No
ORD-100725,2025-07-14,CUS-0106,STR-106,PRD-003-S,1,42.0,0,4.99,Online,No
ORD-100725,2025-05-20,CUS-0151,STR-107,PRD-004-S,1,25.0,0,7.99,Phone,Yes
ORD-100726,2025-04-12,CUS-0031,STR-101,PRD-016-S,1,12.0,0,4.99,Store,No
ORD-100726,2025-01-27,CUS-0125,STR-105,PRD-009-T,1,105.02,0,11.99,Store,No
ORD-100727,2025-10-18,CUS-0103,STR-104,PRD-011-S,1,32.3,0.05,11.99,Store,No
ORD-100727,2025-03-11,CUS-0142,STR-101,PRD-010-S,2,61.95,0.05,0,Online,No
ORD-100728,2025-12-19,CUS-0050,STR-104,PRD-015-T,2,51.92,0.05,0,Phone,No
ORD-100728,2025-05-19,CUS-0052,STR-102,PRD-008-T,3,21.24,0,4.99,Phone,No
ORD-100729,2025-04-24,CUS-0135,STR-101,PRD-017-S,2,7.6,0.05,0,Online,No
ORD-100729,2025-11-05,CUS-0215,STR-101,PRD-012-S,3,22.0,0,7.99,Online,No
ORD-100730,2025-05-25,CUS-0045,STR-104,PRD-018-T,1,34.22,0.05,0,Online,No
ORD-100730,2025-03-18,CUS-0178,STR-102,PRD-001-S,2,189.0,0,0,Online,No
ORD-100731,2025-05-08,CUS-0231,STR-104,PRD-020-S,1,54.0,0.1,4.99,Online,No
ORD-100731,2025-06-02,CUS-0111,STR-104,PRD-015-S,4,46.2,0.05,0,Phone,No
ORD-100732,2025-11-26,CUS-0166,STR-105,PRD-018-T,3,32.51,0,7.99,Phone,No
ORD-100732,2025-10-06,CUS-0069,STR-107,PRD-006-T,1,133.4,0.1,11.99,Store,No
ORD-100733,2025-04-22,CUS-0080,STR-104,PRD-015-S,2,46.2,0.15,7.99,Online,No
ORD-100733,2025-10-16,CUS-0217,STR-102,PRD-014-T,1,41.3,0,11.99,Online,Yes
ORD-100734,2025-05-22,CUS-0171,STR-101,PRD-003-S,1,44.1,0.15,11.99,Phone,No
ORD-100734,2025-12-19,CUS-0235,STR-103,PRD-002-S,1,99.0,0.15,0,Phone,No
ORD-100735,2025-04-24,CUS-0184,STR-104,PRD-010-S,4,61.95,0.15,11.99,Online,No
ORD-100735,2025-02-16,CUS-0205,STR-102,PRD-018-T,1,34.22,0.15,11.99,Phone,No
ORD-100736,2025-09-01,CUS-0230,STR-106,PRD-014-S,1,35.0,0,11.99,Online,No
ORD-100736,2025-01-20,CUS-0211,STR-101,PRD-005-T,1,64.9,0.05,4.99,Store,No
ORD-100737,2025-07-03,CUS-0201,STR-106,PRD-017-S,3,8.4,0.1,0,Store,No
ORD-100737,2025-01-06,CUS-0009,STR-107,PRD-015-S,1,46.2,0,0,Store,No
ORD-100738,2025-11-04,CUS-0012,STR-103,PRD-012-S,2,22.0,0,11.99,Phone,No
ORD-100738,2025-08-17,CUS-0006,STR-103,PRD-016-S,1,11.4,0.15,11.99,Phone,No
ORD-100739,2025-11-16,CUS-0111,STR-102,PRD-002-S,2,94.05,0,0,Online,No
ORD-100739,2025-10-07,CUS-0168,STR-104,PRD-020-T,2,63.72,0,0,Phone,No
ORD-100740,2025-11-28,CUS-0152,STR-103,PRD-006-S,2,119.0,0.05,4.99,Store,No
ORD-100740,2025-07-28,CUS-0211,STR-102,PRD-010-T,3,66.14,0.15,0,Phone,No
ORD-100741,2025-10-31,CUS-0087,STR-103,PRD-017-T,3,9.44,0.05,7.99,Phone,No
ORD-100741,2025-03-07,CUS-0190,STR-107,PRD-001-S,4,198.45,0.15,11.99,Store,No
ORD-100742,2025-09-04,CUS-0208,STR-101,PRD-001-S,1,189.0,0.05,4.99,Store,No
ORD-100742,2025-05-29,CUS-0214,STR-104,PRD-003-S,2,39.9,0,11.99,Online,No
ORD-100743,2025-03-05,CUS-0207,STR-102,PRD-015-T,1,51.92,0.1,0,Store,No
ORD-100743,2025-01-19,CUS-0016,STR-103,PRD-006-S,3,119.0,0.1,11.99,Phone,No
ORD-100744,2025-11-21,CUS-0058,STR-106,PRD-019-T,2,17.7,0,0,Store,No
ORD-100744,2025-01-31,CUS-0081,STR-101,PRD-014-T,3,43.37,0,0,Online,No
ORD-100745,2025-01-05,CUS-0042,STR-105,PRD-003-T,1,49.56,0,0,Phone,No
ORD-100745,2025-10-28,CUS-0075,STR-101,PRD-017-T,1,9.91,0.05,11.99,Online,No
ORD-100746,2025-11-05,CUS-0007,STR-107,PRD-010-T,1,69.62,0.1,4.99,Phone,No
ORD-100746,2025-10-06,CUS-0214,STR-105,PRD-011-T,2,40.12,0,4.99,Online,No
ORD-100747,2025-08-26,CUS-0154,STR-106,PRD-011-S,2,35.7,0.15,7.99,Phone,No
ORD-100747,2025-07-11,CUS-0076,STR-106,PRD-005-S,3,52.25,0.1,11.99,Online,No
ORD-100748,2025-12-25,CUS-0159,STR-103,PRD-010-S,2,61.95,0,0,Phone,No
ORD-100748,2025-03-06,CUS-0212,STR-103,PRD-008-S,1,18.0,0.1,0,Store,No
ORD-100749,2025-07-31,CUS-0236,STR-107,PRD-011-S,1,34.0,0.05,7.99,Online,No
ORD-100749,2025-03-07,CUS-0188,STR-104,PRD-013-T,1,17.94,0.05,0,Phone,No
ORD-100750,2025-09-12,CUS-0179,STR-105,PRD-006-T,1,133.4,0.1,4.99,Online,No
ORD-100750,2025-06-19,CUS-0202,STR-102,PRD-014-T,1,43.37,0.1,7.99,Online,No
ORD-100751,2025-05-07,CUS-0212,STR-102,PRD-010-T,2,69.62,0.05,0,Store,No
ORD-100751,2025-03-17,CUS-0065,STR-107,PRD-005-T,1,61.66,0.15,11.99,Phone,No
ORD-100752,2025-05-02,CUS-0147,STR-103,PRD-011-T,1,40.12,0.1,0,Phone,No
ORD-100752,2025-11-12,CUS-0145,STR-105,PRD-020-T,3,60.53,0,7.99,Online,No
ORD-100753,2025-05-24,CUS-0036,STR-104,PRD-001-S,3,179.55,0.15,0,Phone,No
ORD-100753,2025-02-07,CUS-0050,STR-107,PRD-008-T,2,20.18,0,0,Store,No
ORD-100754,2025-12-14,CUS-0227,STR-107,PRD-014-S,2,35.0,0,11.99,Phone,No
ORD-100754,2025-08-08,CUS-0047,STR-104,PRD-013-T,1,18.88,0.15,0,Online,No
ORD-100755,2025-09-13,CUS-0075,STR-101,PRD-008-T,4,21.24,0,4.99,Phone,No
ORD-100755,2025-06-06,CUS-0213,STR-105,PRD-016-T,2,13.45,0,0,Phone,No
ORD-100756,2025-06-05,CUS-0131,STR-103,PRD-010-T,2,73.1,0.05,4.99,Online,No
ORD-100756,2025-10-30,CUS-0198,STR-103,PRD-018-T,2,34.22,0.05,0,Store,No
ORD-100757,2025-05-30,CUS-0229,STR-102,PRD-003-S,2,44.1,0,11.99,Store,No
ORD-100757,2025-03-08,CUS-0200,STR-101,PRD-012-S,2,22.0,0.05,11.99,Store,No
ORD-100758,2025-04-21,CUS-0206,STR-101,PRD-006-T,2,140.42,0.05,0,Store,No
ORD-100758,2025-01-09,CUS-0036,STR-107,PRD-018-S,2,27.55,0,0,Store,No
ORD-100759,2025-07-11,CUS-0070,STR-101,PRD-013-S,2,16.0,0.05,11.99,Online,No
ORD-100759,2025-04-09,CUS-0031,STR-104,PRD-005-S,1,55.0,0.15,0,Online,No
ORD-100760,2025-09-04,CUS-0092,STR-101,PRD-020-T,1,60.53,0,0,Store,No
ORD-100760,2025-10-19,CUS-0200,STR-104,PRD-006-T,1,140.42,0,11.99,Online,No
ORD-100761,2025-10-11,CUS-0121,STR-106,PRD-020-T,4,66.91,0,11.99,Store,No
ORD-100761,2025-05-08,CUS-0166,STR-101,PRD-001-T,1,211.87,0,4.99,Phone,No
ORD-100762,2025-12-15,CUS-0208,STR-107,PRD-010-T,1,69.62,0,0,Online,No
ORD-100762,2025-04-15,CUS-0203,STR-105,PRD-012-T,2,24.66,0.15,0,Store,No
ORD-100763,2025-01-01,CUS-0134,STR-101,PRD-012-S,2,22.0,0,7.99,Phone,No
ORD-100763,2025-03-21,CUS-0134,STR-104,PRD-014-S,5,35.0,0,4.99,Online,No
ORD-100764,2025-06-05,CUS-0101,STR-102,PRD-003-T,2,49.56,0,7.99,Store,No
ORD-100764,2025-11-07,CUS-0031,STR-102,PRD-011-T,4,40.12,0,0,Online,No
ORD-100765,2025-04-16,CUS-0032,STR-107,PRD-012-T,2,24.66,0.1,4.99,Online,No
ORD-100765,2025-02-01,CUS-0184,STR-103,PRD-019-T,1,18.59,0.1,11.99,Online,No
ORD-100766,2025-03-29,CUS-0140,STR-101,PRD-003-S,3,39.9,0,0,Online,No
ORD-100766,2025-06-30,CUS-0070,STR-105,PRD-017-S,3,8.0,0.1,4.99,Phone,No
ORD-100767,2025-04-22,CUS-0127,STR-103,PRD-002-T,3,116.82,0.05,11.99,Store,No
ORD-100767,2025-10-13,CUS-0111,STR-106,PRD-016-S,1,12.0,0.15,0,Phone,No
ORD-100768,2025-04-09,CUS-0211,STR-104,PRD-015-T,2,51.92,0,4.99,Phone,No
ORD-100768,2025-05-30,CUS-0066,STR-103,PRD-010-T,2,69.62,0,0,Store,No
ORD-100769,2025-06-10,CUS-0133,STR-101,PRD-013-S,3,16.0,0.15,7.99,Phone,No
ORD-100769,2025-07-19,CUS-0243,STR-102,PRD-017-T,1,9.44,0.1,7.99,Phone,No
ORD-100770,2025-06-13,CUS-0035,STR-104,PRD-013-S,1,16.0,0.1,4.99,Phone,No
ORD-100770,2025-09-03,CUS-0122,STR-103,PRD-020-T,5,60.53,0.1,7.99,Store,No
ORD-100771,2025-01-18,CUS-0023,STR-106,PRD-010-T,4,69.62,0,0,Store,No
ORD-100771,2025-05-06,CUS-0159,STR-102,PRD-002-S,1,103.95,0.15,11.99,Online,No
ORD-100772,2025-04-28,CUS-0105,STR-104,PRD-010-S,1,61.95,0.1,11.99,Online,No
ORD-100772,2025-08-25,CUS-0150,STR-101,PRD-020-T,1,66.91,0,0,Online,No
ORD-100773,2025-09-03,CUS-0157,STR-106,PRD-017-T,1,8.97,0.1,11.99,Online,No
ORD-100773,2025-07-14,CUS-0014,STR-106,PRD-014-S,2,36.75,0.1,0,Phone,No
ORD-100774,2025-11-20,CUS-0180,STR-107,PRD-013-T,1,17.94,0,0,Online,No
ORD-100774,2025-01-15,CUS-0119,STR-105,PRD-013-T,1,18.88,0.15,0,Phone,No
ORD-100775,2025-10-15,CUS-0222,STR-102,PRD-011-S,4,32.3,0,7.99,Online,No
ORD-100775,2025-12-17,CUS-0052,STR-104,PRD-004-T,1,29.5,0.05,0,Store,No
ORD-100776,2025-04-30,CUS-0048,STR-101,PRD-005-T,1,68.15,0.15,0,Phone,No
ORD-100776,2025-07-30,CUS-0085,STR-103,PRD-008-S,1,18.0,0,0,Phone,No
ORD-100777,2025-07-22,CUS-0127,STR-104,PRD-003-T,2,49.56,0.15,0,Phone,No
ORD-100777,2025-04-11,CUS-0118,STR-107,PRD-012-T,2,24.66,0,0,Online,No
ORD-100778,2025-08-07,CUS-0236,STR-105,PRD-015-T,1,49.32,0,0,Phone,No
ORD-100778,2025-04-29,CUS-0087,STR-105,PRD-010-T,2,66.14,0.15,0,Online,No
ORD-100779,2025-01-17,CUS-0210,STR-103,PRD-014-S,5,35.0,0.1,11.99,Phone,No
ORD-100779,2025-08-05,CUS-0211,STR-102,PRD-016-T,1,13.45,0,0,Online,No
ORD-100780,2025-03-22,CUS-0185,STR-103,PRD-007-T,2,57.82,0,11.99,Online,No
ORD-100780,2025-01-06,CUS-0177,STR-104,PRD-020-S,1,56.7,0,0,Phone,No
ORD-100781,2025-08-14,CUS-0221,STR-103,PRD-020-T,1,63.72,0,7.99,Online,No
ORD-100781,2025-10-30,CUS-0109,STR-106,PRD-016-T,1,13.45,0,11.99,Phone,No
ORD-100782,2025-04-14,CUS-0169,STR-106,PRD-016-T,2,14.16,0.05,11.99,Store,No
ORD-100782,2025-06-23,CUS-0197,STR-105,PRD-004-S,2,26.25,0.15,7.99,Phone,No
ORD-100783,2025-01-27,CUS-0189,STR-106,PRD-005-T,1,64.9,0,4.99,Phone,No
ORD-100783,2025-11-07,CUS-0046,STR-104,PRD-001-S,2,179.55,0.15,0,Store,No
ORD-100784,2025-01-31,CUS-0016,STR-107,PRD-009-S,1,84.55,0.1,0,Phone,No
ORD-100784,2025-04-17,CUS-0150,STR-103,PRD-014-T,1,39.23,0,0,Store,No
ORD-100785,2025-01-17,CUS-0115,STR-103,PRD-006-T,1,140.42,0,0,Phone,No
ORD-100785,2025-11-14,CUS-0122,STR-101,PRD-011-S,1,35.7,0,0,Phone,Yes
ORD-100786,2025-11-20,CUS-0165,STR-101,PRD-016-T,2,13.45,0.05,7.99,Phone,No
ORD-100786,2025-01-02,CUS-0138,STR-102,PRD-001-S,1,189.0,0.05,7.99,Online,Yes
ORD-100787,2025-06-24,CUS-0138,STR-101,PRD-015-S,2,44.0,0,0,Online,No
ORD-100787,2025-11-25,CUS-0167,STR-102,PRD-015-T,2,49.32,0.1,0,Phone,No
ORD-100788,2025-07-08,CUS-0235,STR-107,PRD-016-S,2,11.4,0,0,Store,No
ORD-100788,2025-06-01,CUS-0228,STR-105,PRD-020-S,2,56.7,0.05,7.99,Online,No
ORD-100789,2025-07-05,CUS-0067,STR-106,PRD-019-S,1,15.0,0,0,Phone,No
ORD-100789,2025-08-12,CUS-0230,STR-104,PRD-009-T,2,99.77,0,4.99,Phone,No
ORD-100790,2025-08-05,CUS-0161,STR-106,PRD-009-T,4,105.02,0.1,0,Phone,No
ORD-100790,2025-12-27,CUS-0212,STR-107,PRD-014-S,2,33.25,0.1,0,Store,Yes
ORD-100791,2025-10-26,CUS-0093,STR-107,PRD-016-T,2,14.87,0.05,7.99,Online,No
ORD-100791,2025-12-07,CUS-0067,STR-104,PRD-009-S,1,89.0,0,0,Phone,Yes
ORD-100792,2025-09-02,CUS-0208,STR-104,PRD-004-T,3,28.02,0.15,0,Online,No
ORD-100792,2025-04-28,CUS-0101,STR-104,PRD-013-S,1,16.0,0.15,7.99,Phone,No
ORD-100793,2025-11-19,CUS-0170,STR-107,PRD-017-S,1,8.0,0.15,11.99,Store,Yes
ORD-100793,2025-03-06,CUS-0081,STR-106,PRD-001-S,2,198.45,0,0,Phone,No
ORD-100794,2025-04-22,CUS-0173,STR-101,PRD-011-S,2,34.0,0.15,7.99,Phone,No
ORD-100794,2025-09-03,CUS-0166,STR-104,PRD-020-S,1,51.3,0,11.99,Phone,No
ORD-100795,2025-03-29,CUS-0152,STR-107,PRD-019-T,3,16.81,0.1,11.99,Phone,No
ORD-100795,2025-03-29,CUS-0242,STR-107,PRD-003-S,2,42.0,0.1,4.99,Phone,No
ORD-100796,2025-03-28,CUS-0222,STR-107,PRD-011-T,4,40.12,0.05,7.99,Store,No
ORD-100796,2025-12-24,CUS-0088,STR-102,PRD-006-T,1,140.42,0.15,7.99,Online,No
ORD-100797,2025-04-02,CUS-0170,STR-105,PRD-008-T,1,20.18,0.05,7.99,Online,No
ORD-100797,2025-03-24,CUS-0180,STR-101,PRD-013-T,4,18.88,0.05,0,Phone,No
ORD-100798,2025-09-08,CUS-0003,STR-107,PRD-001-S,1,189.0,0,4.99,Store,No
ORD-100798,2025-12-06,CUS-0078,STR-103,PRD-012-T,1,24.66,0.1,0,Online,No
ORD-100799,2025-09-24,CUS-0070,STR-102,PRD-012-T,1,25.96,0,4.99,Store,No
ORD-100799,2025-09-15,CUS-0181,STR-103,PRD-020-S,1,51.3,0,0,Phone,No
ORD-100800,2025-01-12,CUS-0060,STR-103,PRD-010-S,2,59.0,0.15,4.99,Store,No
ORD-100800,2025-12-19,CUS-0083,STR-105,PRD-002-T,2,116.82,0.05,11.99,Phone,No
ORD-100801,2025-05-04,CUS-0107,STR-105,PRD-012-T,2,24.66,0.15,0,Online,No
ORD-100801,2025-01-08,CUS-0112,STR-104,PRD-016-S,1,12.6,0.05,0,Online,No
ORD-100802,2025-06-11,CUS-0135,STR-105,PRD-002-T,1,116.82,0.1,0,Phone,No
ORD-100802,2025-04-04,CUS-0198,STR-101,PRD-008-S,2,18.0,0.1,0,Online,No
ORD-100803,2025-09-06,CUS-0098,STR-102,PRD-009-S,2,93.45,0,4.99,Store,No
ORD-100803,2025-03-25,CUS-0052,STR-102,PRD-008-T,2,21.24,0.1,11.99,Store,No
ORD-100804,2025-12-21,CUS-0165,STR-103,PRD-006-T,1,147.44,0.05,4.99,Store,No
ORD-100804,2025-07-06,CUS-0151,STR-102,PRD-007-S,2,49.0,0.1,0,Store,No
ORD-100805,2025-05-06,CUS-0240,STR-101,PRD-020-S,3,51.3,0,0,Store,No
ORD-100805,2025-02-19,CUS-0147,STR-102,PRD-004-T,3,28.02,0.15,11.99,Store,No
ORD-100806,2025-07-29,CUS-0054,STR-106,PRD-015-S,2,44.0,0.15,7.99,Phone,No
ORD-100806,2025-01-20,CUS-0225,STR-105,PRD-013-T,2,19.82,0.15,7.99,Phone,No
ORD-100807,2025-11-25,CUS-0202,STR-107,PRD-001-S,2,179.55,0.15,7.99,Online,No
ORD-100807,2025-08-15,CUS-0006,STR-107,PRD-019-S,2,15.0,0,4.99,Store,No
ORD-100808,2025-02-01,CUS-0208,STR-106,PRD-007-S,1,49.0,0.15,11.99,Phone,No
ORD-100808,2025-11-25,CUS-0242,STR-106,PRD-005-S,4,52.25,0.15,7.99,Phone,No
ORD-100809,2025-10-08,CUS-0249,STR-104,PRD-018-T,1,34.22,0.1,0,Store,No
ORD-100809,2025-05-25,CUS-0249,STR-101,PRD-012-T,1,27.26,0.15,7.99,Store,No
ORD-100810,2025-10-19,CUS-0122,STR-105,PRD-018-T,2,34.22,0,0,Phone,No
ORD-100810,2025-01-29,CUS-0141,STR-106,PRD-006-T,4,140.42,0.15,4.99,Online,No
ORD-100811,2025-05-09,CUS-0194,STR-104,PRD-015-S,4,44.0,0.05,7.99,Online,No
ORD-100811,2025-08-07,CUS-0092,STR-104,PRD-009-S,2,89.0,0,0,Store,No
ORD-100812,2025-12-24,CUS-0235,STR-105,PRD-007-S,2,49.0,0.05,7.99,Phone,No
ORD-100812,2025-11-18,CUS-0021,STR-102,PRD-016-S,2,12.6,0.15,4.99,Phone,No
ORD-100813,2025-02-24,CUS-0168,STR-107,PRD-010-T,2,69.62,0,11.99,Online,No
ORD-100813,2025-10-18,CUS-0065,STR-106,PRD-016-S,2,12.0,0.1,0,Store,No
ORD-100814,2025-06-18,CUS-0157,STR-102,PRD-013-S,1,15.2,0.15,0,Online,Yes
ORD-100814,2025-02-26,CUS-0014,STR-104,PRD-003-T,1,52.04,0,0,Online,No
ORD-100815,2025-09-24,CUS-0230,STR-105,PRD-016-T,2,14.16,0.1,0,Store,No
ORD-100815,2025-10-17,CUS-0151,STR-104,PRD-010-S,3,59.0,0.15,11.99,Phone,No
ORD-100816,2025-12-12,CUS-0179,STR-104,PRD-008-T,3,20.18,0,11.99,Phone,No
ORD-100816,2025-01-12,CUS-0164,STR-107,PRD-017-S,2,8.0,0,4.99,Online,No
ORD-100817,2025-05-29,CUS-0042,STR-107,PRD-008-S,1,18.9,0,4.99,Online,No
ORD-100817,2025-12-18,CUS-0118,STR-104,PRD-008-T,1,21.24,0,4.99,Store,No
ORD-100818,2025-10-26,CUS-0224,STR-107,PRD-003-S,1,44.1,0.05,11.99,Store,No
ORD-100818,2025-08-16,CUS-0025,STR-101,PRD-018-S,4,27.55,0,4.99,Store,No
ORD-100819,2025-02-20,CUS-0135,STR-102,PRD-005-S,1,52.25,0,0,Online,No
ORD-100819,2025-04-29,CUS-0034,STR-106,PRD-005-S,2,55.0,0,11.99,Store,No
ORD-100820,2025-07-19,CUS-0230,STR-103,PRD-007-T,2,54.93,0,0,Store,No
ORD-100820,2025-08-05,CUS-0214,STR-103,PRD-013-S,2,15.2,0.1,4.99,Phone,No
ORD-100821,2025-12-26,CUS-0173,STR-107,PRD-008-S,1,18.0,0.15,7.99,Phone,No
ORD-100821,2025-06-28,CUS-0087,STR-105,PRD-001-T,1,211.87,0.05,7.99,Phone,No
ORD-100822,2025-12-19,CUS-0169,STR-104,PRD-019-S,5,15.0,0,0,Phone,No
ORD-100822,2025-07-04,CUS-0245,STR-103,PRD-009-S,4,93.45,0,0,Phone,No
ORD-100823,2025-04-20,CUS-0247,STR-105,PRD-011-T,2,40.12,0.05,11.99,Store,No
ORD-100823,2025-03-03,CUS-0196,STR-107,PRD-019-T,5,18.59,0.1,11.99,Online,No
ORD-100824,2025-07-13,CUS-0150,STR-105,PRD-012-T,1,25.96,0,7.99,Phone,No
ORD-100824,2025-08-14,CUS-0210,STR-102,PRD-001-T,1,211.87,0,0,Online,No
ORD-100825,2025-02-28,CUS-0129,STR-105,PRD-009-T,2,110.27,0.1,11.99,Online,No
ORD-100825,2025-05-11,CUS-0121,STR-104,PRD-016-T,3,14.16,0.1,7.99,Phone,No
ORD-100826,2025-11-20,CUS-0149,STR-105,PRD-006-T,1,147.44,0.15,11.99,Online,No
ORD-100826,2025-10-28,CUS-0137,STR-107,PRD-007-T,1,60.71,0.1,4.99,Store,No
ORD-100827,2025-02-05,CUS-0156,STR-101,PRD-004-T,2,29.5,0.05,0,Phone,No
ORD-100827,2025-03-02,CUS-0091,STR-101,PRD-003-T,2,52.04,0.05,4.99,Phone,No
ORD-100828,2025-06-04,CUS-0054,STR-103,PRD-018-S,5,27.55,0.1,11.99,Store,No
ORD-100828,2025-04-27,CUS-0081,STR-103,PRD-002-S,2,94.05,0,4.99,Store,No
ORD-100829,2025-10-12,CUS-0114,STR-106,PRD-017-T,1,9.44,0.15,11.99,Store,No
ORD-100829,2025-11-14,CUS-0030,STR-101,PRD-002-T,3,122.66,0.1,11.99,Phone,No
ORD-100830,2025-03-24,CUS-0040,STR-105,PRD-015-T,1,51.92,0.1,0,Store,No
ORD-100830,2025-07-01,CUS-0183,STR-102,PRD-001-T,2,223.02,0,0,Phone,No
ORD-100831,2025-10-23,CUS-0033,STR-105,PRD-010-T,2,66.14,0,0,Online,No
ORD-100831,2025-03-12,CUS-0161,STR-105,PRD-008-S,3,18.0,0.05,11.99,Store,No
ORD-100832,2025-01-20,CUS-0128,STR-101,PRD-006-S,2,119.0,0,0,Online,No
ORD-100832,2025-03-26,CUS-0121,STR-101,PRD-020-T,2,60.53,0,0,Online,No
ORD-100833,2025-05-10,CUS-0188,STR-106,PRD-006-T,3,133.4,0.15,4.99,Phone,No
ORD-100833,2025-01-15,CUS-0006,STR-101,PRD-014-T,1,41.3,0.05,4.99,Online,No
ORD-100834,2025-08-26,CUS-0006,STR-104,PRD-019-S,5,15.0,0.15,4.99,Phone,No
ORD-100834,2025-08-02,CUS-0019,STR-102,PRD-005-T,2,64.9,0.15,0,Store,No
ORD-100835,2025-04-03,CUS-0225,STR-106,PRD-013-S,1,16.8,0.1,7.99,Store,No
ORD-100835,2025-11-13,CUS-0145,STR-103,PRD-004-S,2,26.25,0,7.99,Online,No
ORD-100836,2025-11-03,CUS-0122,STR-107,PRD-008-T,2,20.18,0.05,11.99,Online,No
ORD-100836,2025-06-29,CUS-0246,STR-105,PRD-001-S,1,179.55,0.1,11.99,Store,No
ORD-100837,2025-05-22,CUS-0064,STR-101,PRD-018-S,2,30.45,0.15,0,Store,No
ORD-100837,2025-10-02,CUS-0026,STR-106,PRD-006-S,4,124.95,0,0,Store,No
ORD-100838,2025-06-09,CUS-0028,STR-107,PRD-019-S,2,15.0,0,4.99,Online,No
ORD-100838,2025-05-12,CUS-0075,STR-103,PRD-014-S,2,35.0,0.1,11.99,Online,No
ORD-100839,2025-10-05,CUS-0024,STR-102,PRD-016-T,1,13.45,0,0,Store,No
ORD-100839,2025-04-26,CUS-0109,STR-105,PRD-002-S,2,99.0,0.1,4.99,Online,No
ORD-100840,2025-10-07,CUS-0205,STR-107,PRD-008-T,3,22.3,0.05,7.99,Online,No
ORD-100840,2025-07-26,CUS-0006,STR-105,PRD-016-T,1,14.16,0.1,7.99,Store,No
ORD-100841,2025-02-14,CUS-0210,STR-104,PRD-013-T,1,18.88,0,0,Phone,No
ORD-100841,2025-12-02,CUS-0198,STR-104,PRD-017-T,1,9.44,0,11.99,Online,No
ORD-100842,2025-04-28,CUS-0108,STR-107,PRD-005-S,2,57.75,0.05,4.99,Online,No
ORD-100842,2025-03-04,CUS-0063,STR-102,PRD-010-T,3,69.62,0.05,0,Store,No
ORD-100843,2025-02-02,CUS-0009,STR-104,PRD-013-T,1,17.94,0.1,11.99,Online,No
ORD-100843,2025-03-07,CUS-0148,STR-106,PRD-007-T,3,57.82,0.1,0,Phone,No
ORD-100844,2025-02-14,CUS-0034,STR-102,PRD-008-T,3,22.3,0,0,Store,No
ORD-100844,2025-12-09,CUS-0231,STR-107,PRD-011-S,2,34.0,0.1,0,Store,No
ORD-100845,2025-01-11,CUS-0056,STR-102,PRD-012-T,1,24.66,0.15,4.99,Store,No
ORD-100845,2025-07-22,CUS-0172,STR-101,PRD-001-S,1,179.55,0.1,11.99,Store,No
ORD-100846,2025-03-03,CUS-0170,STR-102,PRD-019-T,2,17.7,0.15,0,Phone,No
ORD-100846,2025-12-04,CUS-0028,STR-101,PRD-001-T,4,223.02,0.15,4.99,Phone,No
ORD-100847,2025-07-13,CUS-0080,STR-104,PRD-002-S,2,103.95,0.1,4.99,Online,No
ORD-100847,2025-05-14,CUS-0234,STR-105,PRD-014-T,1,43.37,0.05,7.99,Phone,No
ORD-100848,2025-06-03,CUS-0236,STR-106,PRD-018-S,4,27.55,0,4.99,Phone,No
ORD-100848,2025-09-26,CUS-0088,STR-104,PRD-004-S,3,25.0,0.1,4.99,Phone,No
ORD-100849,2025-06-08,CUS-0089,STR-106,PRD-008-S,2,18.0,0.1,4.99,Phone,No
ORD-100849,2025-10-09,CUS-0044,STR-106,PRD-008-T,3,21.24,0.15,0,Online,No
ORD-100850,2025-01-01,CUS-0196,STR-106,PRD-019-T,1,17.7,0,11.99,Online,No
ORD-100850,2025-12-18,CUS-0182,STR-102,PRD-014-T,4,39.23,0.15,11.99,Online,No
ORD-100851,2025-01-01,CUS-0202,STR-105,PRD-002-S,3,103.95,0.1,11.99,Store,No
ORD-100851,2025-09-30,CUS-0157,STR-105,PRD-003-T,1,47.08,0.15,4.99,Store,No
ORD-100852,2025-11-16,CUS-0068,STR-104,PRD-007-T,1,57.82,0,11.99,Phone,No
ORD-100852,2025-02-07,CUS-0090,STR-103,PRD-016-T,2,14.87,0,7.99,Phone,No
ORD-100853,2025-09-22,CUS-0028,STR-104,PRD-003-T,4,49.56,0.05,4.99,Online,Yes
ORD-100853,2025-08-28,CUS-0075,STR-102,PRD-013-T,3,17.94,0.15,11.99,Online,Yes
ORD-100854,2025-09-13,CUS-0045,STR-102,PRD-011-T,3,42.13,0.15,11.99,Store,No
ORD-100854,2025-11-08,CUS-0239,STR-101,PRD-020-T,2,60.53,0.05,0,Phone,No
ORD-100855,2025-08-25,CUS-0202,STR-107,PRD-018-S,2,27.55,0.15,7.99,Phone,No
ORD-100855,2025-12-25,CUS-0207,STR-102,PRD-006-T,2,147.44,0,0,Phone,No
ORD-100856,2025-12-17,CUS-0245,STR-103,PRD-020-T,2,60.53,0.15,7.99,Phone,No
ORD-100856,2025-03-15,CUS-0019,STR-103,PRD-013-T,4,19.82,0.15,11.99,Phone,No
ORD-100857,2025-05-17,CUS-0151,STR-104,PRD-020-S,2,56.7,0.05,0,Store,No
ORD-100857,2025-08-13,CUS-0233,STR-106,PRD-007-S,2,51.45,0.1,7.99,Store,No
ORD-100858,2025-09-12,CUS-0218,STR-104,PRD-013-S,5,16.8,0.1,7.99,Online,No
ORD-100858,2025-01-01,CUS-0209,STR-103,PRD-003-T,1,49.56,0.1,7.99,Store,No
ORD-100859,2025-12-23,CUS-0158,STR-106,PRD-003-S,1,42.0,0.05,0,Online,No
ORD-100859,2025-01-08,CUS-0166,STR-104,PRD-005-T,1,68.15,0.15,11.99,Store,No
ORD-100860,2025-08-21,CUS-0241,STR-102,PRD-009-T,2,110.27,0.1,7.99,Online,No
ORD-100860,2025-03-24,CUS-0107,STR-103,PRD-007-S,1,51.45,0.1,0,Phone,No
ORD-100861,2025-06-30,CUS-0072,STR-102,PRD-018-S,2,29.0,0.15,0,Store,No
ORD-100861,2025-09-27,CUS-0183,STR-106,PRD-019-S,1,15.0,0,0,Online,No
ORD-100862,2025-03-09,CUS-0216,STR-103,PRD-012-T,1,24.66,0,7.99,Phone,No
ORD-100862,2025-08-10,CUS-0239,STR-102,PRD-004-T,2,30.98,0.1,7.99,Online,No
ORD-100863,2025-12-03,CUS-0003,STR-105,PRD-007-S,1,49.0,0.15,0,Phone,No
ORD-100863,2025-07-27,CUS-0196,STR-102,PRD-015-S,1,46.2,0.15,4.99,Store,Yes
ORD-100864,2025-04-17,CUS-0117,STR-107,PRD-004-S,1,23.75,0.05,7.99,Online,No
ORD-100864,2025-10-15,CUS-0167,STR-107,PRD-001-S,2,198.45,0.1,0,Store,No
ORD-100865,2025-08-12,CUS-0224,STR-105,PRD-005-T,2,64.9,0,7.99,Phone,No
ORD-100865,2025-07-23,CUS-0241,STR-107,PRD-006-T,1,133.4,0,0,Store,No
ORD-100866,2025-03-09,CUS-0078,STR-103,PRD-010-T,1,69.62,0,7.99,Phone,No
ORD-100866,2025-01-17,CUS-0127,STR-102,PRD-008-T,2,20.18,0.05,0,Store,No
ORD-100867,2025-02-03,CUS-0027,STR-104,PRD-004-S,1,26.25,0,4.99,Phone,No
ORD-100867,2025-02-14,CUS-0028,STR-105,PRD-017-T,2,8.97,0.05,4.99,Phone,No
ORD-100868,2025-11-16,CUS-0024,STR-103,PRD-011-T,1,40.12,0,0,Phone,No
ORD-100868,2025-11-24,CUS-0231,STR-107,PRD-014-T,2,43.37,0.05,7.99,Phone,No
ORD-100869,2025-07-04,CUS-0250,STR-101,PRD-015-T,1,51.92,0.05,0,Store,No
ORD-100869,2025-04-23,CUS-0189,STR-103,PRD-003-S,2,39.9,0,4.99,Online,No
ORD-100870,2025-12-22,CUS-0052,STR-104,PRD-018-S,2,29.0,0,7.99,Online,No
ORD-100870,2025-06-05,CUS-0086,STR-106,PRD-004-S,2,23.75,0.15,4.99,Store,No
ORD-100871,2025-05-28,CUS-0146,STR-107,PRD-019-S,1,15.0,0.15,0,Online,No
ORD-100871,2025-05-20,CUS-0118,STR-107,PRD-018-T,1,32.51,0.05,11.99,Online,No
ORD-100872,2025-01-13,CUS-0156,STR-105,PRD-002-S,1,99.0,0.05,11.99,Phone,No
ORD-100872,2025-04-30,CUS-0132,STR-104,PRD-002-S,1,99.0,0.1,0,Phone,No
ORD-100873,2025-02-15,CUS-0161,STR-103,PRD-008-S,2,18.0,0,0,Store,No
ORD-100873,2025-12-09,CUS-0021,STR-103,PRD-004-S,1,26.25,0,7.99,Phone,No
ORD-100874,2025-03-30,CUS-0216,STR-103,PRD-018-T,2,34.22,0,7.99,Online,No
ORD-100874,2025-08-28,CUS-0052,STR-105,PRD-017-T,2,9.44,0.1,7.99,Phone,No
ORD-100875,2025-10-22,CUS-0008,STR-106,PRD-013-S,5,16.8,0,11.99,Online,Yes
ORD-100875,2025-09-19,CUS-0138,STR-105,PRD-008-S,1,18.0,0,4.99,Online,No
ORD-100876,2025-11-03,CUS-0249,STR-103,PRD-018-T,4,34.22,0.05,0,Phone,No
ORD-100876,2025-07-29,CUS-0053,STR-104,PRD-018-S,1,30.45,0.05,0,Phone,No
ORD-100877,2025-04-19,CUS-0151,STR-106,PRD-011-S,1,34.0,0.15,4.99,Phone,No
ORD-100877,2025-02-09,CUS-0056,STR-107,PRD-020-S,1,54.0,0,4.99,Online,No
ORD-100878,2025-12-21,CUS-0093,STR-107,PRD-008-T,4,21.24,0.1,11.99,Online,No
ORD-100878,2025-07-25,CUS-0150,STR-105,PRD-020-S,2,54.0,0.1,0,Phone,No
ORD-100879,2025-10-31,CUS-0141,STR-106,PRD-004-S,3,25.0,0,0,Online,No
ORD-100879,2025-07-08,CUS-0019,STR-101,PRD-016-T,1,14.16,0.1,11.99,Online,Yes
ORD-100880,2025-12-06,CUS-0069,STR-104,PRD-008-T,1,21.24,0,11.99,Store,No
ORD-100880,2025-12-27,CUS-0050,STR-104,PRD-011-T,1,38.11,0.15,11.99,Phone,No
ORD-100881,2025-02-03,CUS-0214,STR-107,PRD-020-T,2,63.72,0,4.99,Store,No
ORD-100881,2025-03-23,CUS-0026,STR-106,PRD-009-S,1,89.0,0,11.99,Phone,No
ORD-100882,2025-07-14,CUS-0146,STR-107,PRD-011-T,2,40.12,0.1,0,Online,No
ORD-100882,2025-04-10,CUS-0113,STR-102,PRD-014-S,1,35.0,0.15,0,Phone,No
ORD-100883,2025-07-13,CUS-0130,STR-101,PRD-005-T,3,64.9,0.05,0,Store,No
ORD-100883,2025-11-02,CUS-0164,STR-101,PRD-005-T,3,61.66,0,11.99,Online,No
ORD-100884,2025-07-13,CUS-0237,STR-106,PRD-002-S,1,103.95,0,4.99,Online,No
ORD-100884,2025-08-13,CUS-0024,STR-104,PRD-011-S,3,34.0,0,0,Phone,No
ORD-100885,2025-12-10,CUS-0122,STR-101,PRD-018-S,2,29.0,0.15,0,Phone,No
ORD-100885,2025-03-30,CUS-0224,STR-105,PRD-002-S,1,94.05,0.1,0,Phone,No
ORD-100886,2025-04-18,CUS-0110,STR-104,PRD-018-S,1,30.45,0.1,4.99,Phone,No
ORD-100886,2025-04-30,CUS-0234,STR-101,PRD-002-T,1,116.82,0.15,0,Phone,No
ORD-100887,2025-12-30,CUS-0169,STR-102,PRD-020-S,2,54.0,0,0,Phone,No
ORD-100887,2025-08-26,CUS-0232,STR-106,PRD-001-S,1,179.55,0,11.99,Online,No
ORD-100888,2025-07-25,CUS-0149,STR-105,PRD-018-T,1,35.93,0.15,11.99,Phone,No
ORD-100888,2025-06-26,CUS-0152,STR-102,PRD-015-S,1,46.2,0,0,Online,No
ORD-100889,2025-10-03,CUS-0192,STR-106,PRD-007-T,1,54.93,0,0,Store,No
ORD-100889,2025-03-28,CUS-0043,STR-102,PRD-007-S,1,51.45,0,4.99,Store,Yes
ORD-100890,2025-08-30,CUS-0240,STR-106,PRD-018-S,5,29.0,0,11.99,Store,No
ORD-100890,2025-01-18,CUS-0164,STR-101,PRD-008-S,4,18.0,0.1,11.99,Store,No
ORD-100891,2025-11-03,CUS-0094,STR-107,PRD-013-S,1,16.8,0.1,11.99,Store,No
ORD-100891,2025-05-01,CUS-0148,STR-103,PRD-020-T,2,66.91,0.15,0,Phone,No
ORD-100892,2025-01-03,CUS-0151,STR-106,PRD-017-S,1,8.4,0,0,Store,No
ORD-100892,2025-06-30,CUS-0230,STR-105,PRD-013-T,3,19.82,0.1,11.99,Online,No
ORD-100893,2025-04-18,CUS-0247,STR-104,PRD-011-S,2,34.0,0.1,4.99,Store,No
ORD-100893,2025-10-17,CUS-0246,STR-104,PRD-002-T,2,110.98,0,4.99,Online,No
ORD-100894,2025-07-14,CUS-0197,STR-103,PRD-002-S,1,99.0,0.1,0,Online,No
ORD-100894,2025-06-08,CUS-0241,STR-104,PRD-006-T,1,147.44,0,11.99,Store,No
ORD-100895,2025-06-17,CUS-0144,STR-101,PRD-005-T,3,64.9,0.1,4.99,Store,No
ORD-100895,2025-05-23,CUS-0192,STR-105,PRD-008-T,3,21.24,0,0,Phone,No
ORD-100896,2025-09-20,CUS-0092,STR-104,PRD-017-T,1,8.97,0.05,4.99,Phone,No
ORD-100896,2025-06-25,CUS-0234,STR-105,PRD-020-S,1,54.0,0.15,11.99,Online,No
ORD-100897,2025-05-21,CUS-0248,STR-105,PRD-016-T,4,14.16,0.15,0,Phone,Yes
ORD-100897,2025-06-15,CUS-0161,STR-104,PRD-008-T,2,20.18,0.15,0,Phone,No
ORD-100898,2025-06-16,CUS-0106,STR-106,PRD-009-S,2,89.0,0,0,Store,No
ORD-100898,2025-01-27,CUS-0042,STR-102,PRD-019-T,3,18.59,0,0,Phone,No
ORD-100899,2025-11-26,CUS-0113,STR-103,PRD-019-T,2,17.7,0.15,0,Phone,No
ORD-100899,2025-11-26,CUS-0130,STR-107,PRD-010-S,3,56.05,0,11.99,Store,No
ORD-100900,2025-12-03,CUS-0117,STR-106,PRD-018-S,3,29.0,0.05,11.99,Online,No
ORD-100900,2025-04-16,CUS-0199,STR-107,PRD-012-S,4,23.1,0.15,4.99,Online,No
ORD-100901,2025-02-07,CUS-0065,STR-101,PRD-006-S,4,113.05,0.15,7.99,Phone,No
ORD-100901,2025-07-10,CUS-0193,STR-107,PRD-014-S,2,36.75,0.15,11.99,Online,No
ORD-100902,2025-11-17,CUS-0198,STR-102,PRD-014-S,1,35.0,0,0,Online,No
ORD-100902,2025-05-06,CUS-0202,STR-106,PRD-006-S,1,119.0,0.05,4.99,Online,No
ORD-100903,2025-05-06,CUS-0111,STR-101,PRD-014-T,2,41.3,0,4.99,Phone,No
ORD-100903,2025-08-11,CUS-0160,STR-101,PRD-007-T,1,57.82,0.15,0,Phone,No
ORD-100904,2025-11-13,CUS-0196,STR-107,PRD-016-S,1,12.0,0.05,11.99,Store,No
ORD-100904,2025-09-04,CUS-0176,STR-102,PRD-017-T,1,9.44,0.15,11.99,Phone,No
ORD-100905,2025-08-09,CUS-0071,STR-102,PRD-019-S,1,14.25,0.05,0,Online,No
ORD-100905,2025-05-30,CUS-0075,STR-105,PRD-008-S,2,17.1,0,7.99,Store,No
ORD-100906,2025-06-30,CUS-0237,STR-102,PRD-004-S,3,23.75,0.1,0,Online,No
ORD-100906,2025-03-02,CUS-0042,STR-103,PRD-020-S,1,51.3,0.15,0,Online,No
ORD-100907,2025-06-29,CUS-0179,STR-107,PRD-001-S,1,189.0,0,4.99,Store,No
ORD-100907,2025-07-21,CUS-0194,STR-103,PRD-018-S,4,29.0,0.05,11.99,Phone,No
ORD-100908,2025-07-03,CUS-0128,STR-106,PRD-007-S,1,51.45,0.1,7.99,Online,No
ORD-100908,2025-07-15,CUS-0157,STR-104,PRD-003-S,4,39.9,0.15,0,Store,No
ORD-100909,2025-10-26,CUS-0118,STR-106,PRD-016-S,1,12.0,0,7.99,Online,No
ORD-100909,2025-08-16,CUS-0070,STR-104,PRD-011-T,2,40.12,0.05,4.99,Online,No
ORD-100910,2025-06-26,CUS-0143,STR-107,PRD-004-S,1,23.75,0.05,7.99,Store,No
ORD-100910,2025-10-14,CUS-0058,STR-107,PRD-020-S,3,56.7,0.15,0,Store,No
ORD-100911,2025-11-13,CUS-0210,STR-103,PRD-003-S,2,42.0,0.1,0,Phone,No
ORD-100911,2025-08-01,CUS-0195,STR-104,PRD-013-S,1,15.2,0,11.99,Phone,No
ORD-100912,2025-02-07,CUS-0153,STR-106,PRD-004-S,3,25.0,0.1,7.99,Phone,No
ORD-100912,2025-12-06,CUS-0058,STR-106,PRD-015-S,1,44.0,0,4.99,Store,No
ORD-100913,2025-01-14,CUS-0215,STR-107,PRD-007-S,4,49.0,0,7.99,Phone,No
ORD-100913,2025-10-17,CUS-0108,STR-105,PRD-010-S,1,59.0,0,0,Online,No
ORD-100914,2025-03-19,CUS-0218,STR-107,PRD-002-T,1,110.98,0.1,0,Phone,No
ORD-100914,2025-05-17,CUS-0021,STR-102,PRD-019-T,1,16.81,0,0,Phone,No
ORD-100915,2025-01-04,CUS-0193,STR-105,PRD-006-T,4,147.44,0.15,0,Phone,No
ORD-100915,2025-04-03,CUS-0013,STR-105,PRD-017-T,4,9.44,0.05,0,Phone,No
ORD-100916,2025-07-21,CUS-0140,STR-105,PRD-013-T,1,17.94,0,4.99,Phone,No
ORD-100916,2025-09-21,CUS-0223,STR-104,PRD-007-S,5,46.55,0.1,0,Phone,No
ORD-100917,2025-02-25,CUS-0079,STR-105,PRD-014-S,1,35.0,0.1,11.99,Phone,No
ORD-100917,2025-03-25,CUS-0058,STR-105,PRD-005-T,2,68.15,0.1,4.99,Online,No
ORD-100918,2025-03-31,CUS-0117,STR-102,PRD-005-S,2,55.0,0,0,Online,No
ORD-100918,2025-01-08,CUS-0108,STR-104,PRD-018-T,1,34.22,0,4.99,Online,No
ORD-100919,2025-07-02,CUS-0066,STR-107,PRD-005-T,1,64.9,0.15,11.99,Phone,No
ORD-100919,2025-04-24,CUS-0099,STR-104,PRD-017-T,2,9.44,0,4.99,Store,No
ORD-100920,2025-02-02,CUS-0094,STR-103,PRD-014-T,4,41.3,0,0,Online,No
ORD-100920,2025-08-09,CUS-0076,STR-103,PRD-014-T,1,39.23,0.05,4.99,Phone,Yes
ORD-100921,2025-08-03,CUS-0023,STR-104,PRD-015-T,2,51.92,0,0,Online,No
ORD-100921,2025-10-26,CUS-0143,STR-102,PRD-002-T,3,122.66,0,4.99,Phone,No
ORD-100922,2025-04-17,CUS-0073,STR-106,PRD-012-S,1,20.9,0.15,0,Online,No
ORD-100922,2025-06-26,CUS-0059,STR-104,PRD-003-T,1,49.56,0.15,0,Phone,No
ORD-100923,2025-08-10,CUS-0041,STR-103,PRD-013-T,1,18.88,0,4.99,Phone,No
ORD-100923,2025-09-04,CUS-0120,STR-105,PRD-019-T,1,16.81,0,11.99,Store,No
ORD-100924,2025-05-11,CUS-0229,STR-105,PRD-005-S,3,55.0,0.05,0,Online,No
ORD-100924,2025-04-21,CUS-0002,STR-102,PRD-004-T,2,29.5,0.15,7.99,Store,No
ORD-100925,2025-09-22,CUS-0111,STR-107,PRD-010-T,1,69.62,0.1,11.99,Online,No
ORD-100925,2025-02-13,CUS-0031,STR-107,PRD-015-S,1,44.0,0,0,Online,No
ORD-100926,2025-06-24,CUS-0043,STR-106,PRD-015-T,1,51.92,0.15,7.99,Store,Yes
ORD-100926,2025-06-30,CUS-0202,STR-101,PRD-014-S,1,36.75,0,0,Store,No
ORD-100927,2025-11-23,CUS-0069,STR-105,PRD-015-S,1,44.0,0.15,0,Store,No
ORD-100927,2025-05-13,CUS-0214,STR-107,PRD-020-T,1,66.91,0.1,0,Phone,No
ORD-100928,2025-08-28,CUS-0127,STR-106,PRD-011-S,2,35.7,0.05,0,Store,No
ORD-100928,2025-02-09,CUS-0145,STR-105,PRD-007-S,1,46.55,0,0,Store,No
ORD-100929,2025-11-20,CUS-0173,STR-104,PRD-016-S,1,11.4,0.15,0,Store,No
ORD-100929,2025-10-03,CUS-0115,STR-102,PRD-007-T,3,57.82,0.1,4.99,Online,Yes
ORD-100930,2025-04-03,CUS-0127,STR-104,PRD-008-T,1,20.18,0.15,4.99,Store,No
ORD-100930,2025-08-28,CUS-0234,STR-102,PRD-017-S,1,8.0,0.1,4.99,Phone,No
ORD-100931,2025-05-29,CUS-0042,STR-107,PRD-004-S,1,26.25,0.15,0,Online,No
ORD-100931,2025-09-29,CUS-0132,STR-105,PRD-012-S,1,23.1,0.05,11.99,Online,No
ORD-100932,2025-05-12,CUS-0211,STR-107,PRD-013-S,1,16.0,0.05,4.99,Store,No
ORD-100932,2025-06-22,CUS-0141,STR-101,PRD-008-S,1,18.9,0.15,0,Online,No
ORD-100933,2025-12-13,CUS-0157,STR-102,PRD-001-T,1,211.87,0.05,11.99,Online,No
ORD-100933,2025-07-10,CUS-0241,STR-103,PRD-002-T,2,122.66,0.15,4.99,Online,No
ORD-100934,2025-04-24,CUS-0235,STR-105,PRD-010-S,1,59.0,0,11.99,Phone,No
ORD-100934,2025-02-03,CUS-0215,STR-101,PRD-008-T,1,20.18,0.05,11.99,Phone,No
ORD-100935,2025-03-29,CUS-0238,STR-106,PRD-020-S,1,54.0,0.15,0,Online,No
ORD-100935,2025-07-17,CUS-0216,STR-104,PRD-007-T,2,57.82,0.05,0,Online,No
ORD-100936,2025-09-28,CUS-0063,STR-102,PRD-010-S,1,59.0,0.05,11.99,Phone,No
ORD-100936,2025-11-02,CUS-0152,STR-105,PRD-015-T,2,51.92,0.1,4.99,Online,No
ORD-100937,2025-12-12,CUS-0095,STR-104,PRD-013-S,5,16.0,0.05,0,Phone,No
ORD-100937,2025-04-06,CUS-0108,STR-101,PRD-001-T,1,223.02,0,7.99,Phone,No
ORD-100938,2025-01-03,CUS-0123,STR-105,PRD-015-T,2,54.52,0,4.99,Online,No
ORD-100938,2025-05-05,CUS-0086,STR-106,PRD-004-S,1,25.0,0,7.99,Store,No
ORD-100939,2025-03-22,CUS-0047,STR-107,PRD-016-T,1,14.16,0.15,11.99,Store,No
ORD-100939,2025-12-02,CUS-0218,STR-102,PRD-002-S,2,94.05,0.05,0,Store,No
ORD-100940,2025-11-17,CUS-0203,STR-106,PRD-011-T,1,42.13,0.15,11.99,Online,No
ORD-100940,2025-09-16,CUS-0078,STR-104,PRD-002-S,4,99.0,0.15,0,Online,No
ORD-100941,2025-09-17,CUS-0167,STR-105,PRD-007-T,3,54.93,0,7.99,Store,No
ORD-100941,2025-03-24,CUS-0188,STR-101,PRD-008-T,1,21.24,0.05,11.99,Phone,No
ORD-100942,2025-08-01,CUS-0174,STR-104,PRD-017-S,2,8.0,0.05,0,Store,No
ORD-100942,2025-08-05,CUS-0090,STR-105,PRD-015-T,1,54.52,0.15,4.99,Online,No
ORD-100943,2025-12-31,CUS-0147,STR-103,PRD-006-T,1,140.42,0,4.99,Online,No
ORD-100943,2025-03-07,CUS-0227,STR-107,PRD-001-S,2,198.45,0.1,4.99,Store,No
ORD-100944,2025-08-22,CUS-0078,STR-107,PRD-012-T,60,24.66,0,0,Phone,No
ORD-100944,2025-06-03,CUS-0146,STR-101,PRD-008-T,1,20.18,0.15,0,Store,No
ORD-100945,2025-07-09,CUS-0071,STR-101,PRD-004-T,1,28.02,0.1,7.99,Store,No
ORD-100945,2025-06-23,CUS-0234,STR-106,PRD-001-T,2,234.17,0.05,11.99,Phone,No
ORD-100946,2025-05-14,CUS-0138,STR-105,PRD-015-S,3,44.0,0.15,0,Online,No
ORD-100946,2025-04-18,CUS-0195,STR-103,PRD-011-S,1,35.7,0,0,Phone,Yes
ORD-100947,2025-01-13,CUS-0162,STR-104,PRD-010-S,1,56.05,0.05,11.99,Store,No
ORD-100947,2025-12-30,CUS-0197,STR-104,PRD-020-T,2,60.53,0,11.99,Phone,No
ORD-100948,2025-03-17,CUS-0079,STR-107,PRD-012-S,1,22.0,0.15,4.99,Phone,Yes
ORD-100948,2025-11-21,CUS-0038,STR-106,PRD-013-T,1,18.88,0.1,11.99,Store,No
ORD-100949,2025-09-24,CUS-0091,STR-105,PRD-017-S,3,8.4,0,0,Store,No
ORD-100949,2025-06-17,CUS-0138,STR-107,PRD-017-T,1,8.97,0.15,0,Store,No
ORD-100950,2025-07-31,CUS-0237,STR-105,PRD-011-T,1,40.12,0.05,11.99,Store,Yes
ORD-100950,2025-10-08,CUS-0237,STR-101,PRD-018-S,1,30.45,0,11.99,Store,No
ORD-100951,2025-05-08,CUS-0153,STR-103,PRD-008-T,1,22.3,0.1,11.99,Store,No
ORD-100951,2025-04-09,CUS-0112,STR-104,PRD-013-S,5,15.2,0.1,7.99,Store,Yes
ORD-100952,2025-08-06,CUS-0216,STR-104,PRD-014-T,1,41.3,0,0,Online,No
ORD-100952,2025-06-16,CUS-0133,STR-103,PRD-012-T,1,24.66,0,4.99,Phone,No
ORD-100953,2025-11-17,CUS-0078,STR-107,PRD-020-S,3,56.7,0,0,Online,No
ORD-100953,2025-03-25,CUS-0212,STR-103,PRD-004-T,3,28.02,0.15,7.99,Online,No
ORD-100954,2025-12-16,CUS-0156,STR-104,PRD-009-T,1,110.27,0,0,Phone,No
ORD-100954,2025-05-28,CUS-0205,STR-105,PRD-005-T,3,61.66,0,4.99,Online,No
ORD-100955,2025-11-18,CUS-0192,STR-105,PRD-011-S,1,34.0,0.15,4.99,Phone,No
ORD-100955,2025-10-03,CUS-0226,STR-104,PRD-014-S,1,35.0,0,0,Phone,No
ORD-100956,2025-07-06,CUS-0145,STR-101,PRD-003-T,1,47.08,0,11.99,Store,No
ORD-100956,2025-04-13,CUS-0140,STR-105,PRD-016-T,1,14.16,0.1,11.99,Online,No
ORD-100957,2025-10-27,CUS-0238,STR-104,PRD-017-T,2,9.44,0,11.99,Store,No
ORD-100957,2025-03-14,CUS-0249,STR-107,PRD-008-T,2,22.3,0.15,11.99,Phone,No
ORD-100958,2025-05-21,CUS-0029,STR-102,PRD-017-S,2,8.0,0.1,4.99,Phone,Yes
ORD-100958,2025-05-20,CUS-0011,STR-105,PRD-006-T,1,140.42,0,0,Phone,No
ORD-100959,2025-08-03,CUS-0078,STR-106,PRD-008-S,4,17.1,0.1,7.99,Store,No
ORD-100959,2025-04-09,CUS-0224,STR-107,PRD-002-S,3,103.95,0,4.99,Phone,No
ORD-100960,2025-10-15,CUS-0131,STR-102,PRD-009-T,2,110.27,0.05,4.99,Online,No
ORD-100960,2025-12-22,CUS-0187,STR-103,PRD-020-T,1,63.72,0.1,4.99,Store,No
ORD-100961,2025-01-10,CUS-0214,STR-107,PRD-015-T,3,54.52,0,0,Phone,No
ORD-100961,2025-08-13,CUS-0086,STR-107,PRD-014-S,1,35.0,0,4.99,Store,No
ORD-100962,2025-02-10,CUS-0018,STR-105,PRD-015-T,2,54.52,0.15,11.99,Online,No
ORD-100962,2025-02-23,CUS-0232,STR-106,PRD-016-S,3,12.0,0,0,Store,No
ORD-100963,2025-08-17,CUS-0053,STR-107,PRD-004-S,2,25.0,0,0,Phone,No
ORD-100963,2025-07-13,CUS-0246,STR-101,PRD-015-T,3,49.32,0.1,0,Phone,Yes
ORD-100964,2025-08-25,CUS-0124,STR-103,PRD-001-S,1,189.0,0.1,7.99,Phone,No
ORD-100964,2025-02-12,CUS-0188,STR-104,PRD-010-T,1,73.1,0.15,4.99,Online,No
ORD-100965,2025-05-07,CUS-0073,STR-103,PRD-001-T,1,211.87,0,0,Online,No
ORD-100965,2025-05-06,CUS-0149,STR-103,PRD-009-S,1,93.45,0,4.99,Online,No
ORD-100966,2025-09-26,CUS-0019,STR-102,PRD-011-S,3,35.7,0,0,Store,No
ORD-100966,2025-10-14,CUS-0237,STR-105,PRD-007-S,1,49.0,0.05,7.99,Online,No
ORD-100967,2025-07-05,CUS-0245,STR-105,PRD-014-S,3,36.75,0.05,0,Phone,No
ORD-100967,2025-06-23,CUS-0063,STR-106,PRD-007-S,2,51.45,0.15,4.99,Store,No
ORD-100968,2025-08-24,CUS-0111,STR-107,PRD-016-T,4,14.16,0.1,7.99,Online,No
ORD-100968,2025-06-28,CUS-0117,STR-107,PRD-018-T,1,32.51,0.05,0,Online,No
ORD-100969,2025-11-29,CUS-0010,STR-103,PRD-017-T,3,9.44,0,4.99,Online,No
ORD-100969,2025-07-06,CUS-0109,STR-106,PRD-014-S,1,36.75,0.1,0,Store,No
ORD-100970,2025-01-29,CUS-0037,STR-104,PRD-010-S,3,59.0,0.15,4.99,Store,No
ORD-100970,2025-08-10,CUS-0022,STR-103,PRD-005-S,1,57.75,0,0,Phone,No
ORD-100971,2025-08-09,CUS-0062,STR-104,PRD-012-S,4,23.1,0.1,7.99,Store,No
ORD-100971,2025-04-23,CUS-0235,STR-102,PRD-004-T,3,30.98,0.1,7.99,Store,No
ORD-100972,2025-01-02,CUS-0137,STR-105,PRD-017-S,1,8.0,0.1,0,Phone,No
ORD-100972,2025-10-08,CUS-0190,STR-102,PRD-015-S,1,41.8,0.05,0,Store,No
ORD-100973,2025-08-14,CUS-0138,STR-106,PRD-019-T,2,16.81,0.15,4.99,Store,No
ORD-100973,2025-10-13,CUS-0190,STR-103,PRD-003-T,1,52.04,0,7.99,Phone,No
ORD-100974,2025-09-15,CUS-0024,STR-103,PRD-014-T,3,39.23,0.15,11.99,Phone,No
ORD-100974,2025-03-27,CUS-0178,STR-104,PRD-006-T,5,133.4,0.05,0,Phone,No
ORD-100975,2025-04-09,CUS-0102,STR-103,PRD-018-S,1,27.55,0.1,0,Store,No
ORD-100975,2025-08-13,CUS-0082,STR-106,PRD-010-S,1,59.0,0,11.99,Phone,No
ORD-100976,2025-09-15,CUS-0072,STR-105,PRD-010-S,2,59.0,0.15,0,Store,No
ORD-100976,2025-04-07,CUS-0044,STR-101,PRD-015-S,4,46.2,0.15,7.99,Store,No
ORD-100977,2025-12-11,CUS-0130,STR-101,PRD-003-S,1,39.9,0.1,7.99,Phone,No
ORD-100977,2025-08-14,CUS-0035,STR-101,PRD-009-T,1,110.27,0,7.99,Online,Yes
ORD-100978,2025-01-18,CUS-0187,STR-106,PRD-005-T,1,61.66,0.1,4.99,Phone,No
ORD-100978,2025-09-29,CUS-0182,STR-101,PRD-016-S,2,12.0,0.1,7.99,Store,No
ORD-100979,2025-04-08,CUS-0086,STR-104,PRD-012-S,1,23.1,0.05,4.99,Phone,No
ORD-100979,2025-11-09,CUS-0165,STR-106,PRD-018-T,1,32.51,0.1,0,Phone,No
ORD-100980,2025-11-15,CUS-0187,STR-102,PRD-017-T,1,9.91,0,0,Online,No
ORD-100980,2025-04-24,CUS-0082,STR-106,PRD-015-T,1,51.92,0,7.99,Phone,No
ORD-100981,2025-12-19,CUS-0024,STR-102,PRD-011-S,2,34.0,0.1,0,Phone,No
ORD-100981,2025-07-27,CUS-0089,STR-103,PRD-013-S,2,16.0,0,0,Store,No
ORD-100982,2025-06-12,CUS-0134,STR-101,PRD-001-S,1,198.45,0.05,4.99,Store,No
ORD-100982,2025-03-20,CUS-0143,STR-101,PRD-003-S,1,42.0,0.15,0,Phone,No
ORD-100983,2025-12-16,CUS-0026,STR-106,PRD-005-S,3,57.75,0.15,4.99,Phone,No
ORD-100983,2025-09-11,CUS-0221,STR-103,PRD-020-S,3,54.0,0,11.99,Phone,No
ORD-100984,2025-06-07,CUS-0124,STR-105,PRD-019-T,1,18.59,0,7.99,Online,No
ORD-100984,2025-05-07,CUS-0212,STR-106,PRD-010-T,1,69.62,0.15,7.99,Online,No
ORD-100985,2025-07-09,CUS-0038,STR-107,PRD-010-T,1,73.1,0.1,0,Phone,No
ORD-100985,2025-08-11,CUS-0094,STR-101,PRD-014-T,1,39.23,0.05,7.99,Store,No
ORD-100986,2025-02-11,CUS-0109,STR-106,PRD-008-S,1,17.1,0,0,Store,No
ORD-100986,2025-01-30,CUS-0221,STR-106,PRD-006-S,1,119.0,0,11.99,Store,No
ORD-100987,2025-08-24,CUS-0085,STR-103,PRD-019-S,1,15.75,0.15,0,Store,No
ORD-100987,2025-03-03,CUS-0165,STR-101,PRD-010-S,2,56.05,0.15,0,Phone,No
ORD-100988,2025-08-22,CUS-0041,STR-106,PRD-013-T,2,18.88,0.15,4.99,Phone,No
ORD-100988,2025-08-02,CUS-0113,STR-105,PRD-005-T,2,68.15,0,7.99,Online,No
ORD-100989,2025-08-12,CUS-0042,STR-105,PRD-005-S,2,57.75,0,4.99,Phone,No
ORD-100989,2025-02-02,CUS-0118,STR-103,PRD-011-S,2,32.3,0.05,4.99,Phone,No
ORD-100990,2025-03-02,CUS-0083,STR-105,PRD-015-T,1,49.32,0.15,0,Online,No
ORD-100990,2025-01-01,CUS-0122,STR-107,PRD-011-T,2,40.12,0.1,0,Phone,No
ORD-100991,2025-04-02,CUS-0017,STR-105,PRD-015-T,4,54.52,0.05,7.99,Online,No
ORD-100991,2025-03-28,CUS-0038,STR-101,PRD-012-T,4,24.66,0,7.99,Phone,No
ORD-100992,2025-04-10,CUS-0072,STR-107,PRD-006-S,1,113.05,0.05,0,Store,No
ORD-100992,2025-10-31,CUS-0064,STR-102,PRD-017-S,2,8.0,0.1,0,Phone,No
ORD-100993,2025-05-01,CUS-0190,STR-102,PRD-013-S,3,16.0,0,0,Phone,No
ORD-100993,2025-06-04,CUS-0234,STR-101,PRD-004-S,1,23.75,0.05,7.99,Phone,No
ORD-100994,2025-02-12,CUS-0173,STR-105,PRD-005-T,2,64.9,0,0,Store,No
ORD-100994,2025-06-18,CUS-0242,STR-101,PRD-004-T,1,29.5,0.1,11.99,Phone,No
ORD-100995,2025-03-01,CUS-0160,STR-107,PRD-013-T,2,18.88,0.1,11.99,Online,No
ORD-100995,2025-07-29,CUS-0214,STR-106,PRD-014-T,2,41.3,0,4.99,Online,No
ORD-100996,2025-07-05,CUS-0207,STR-104,PRD-006-T,1,147.44,0.1,0,Phone,No
ORD-100996,2025-03-05,CUS-0065,STR-105,PRD-013-S,3,16.8,0,7.99,Store,No
ORD-100997,2025-02-04,CUS-0097,STR-106,PRD-020-T,3,60.53,0.15,0,Phone,No
ORD-100997,2025-12-28,CUS-0105,STR-107,PRD-008-S,3,18.0,0.15,7.99,Store,No
ORD-100998,2025-05-03,CUS-0180,STR-104,PRD-002-S,2,94.05,0.05,0,Online,No
ORD-100998,2025-11-08,CUS-0152,STR-102,PRD-005-T,1,61.66,0.15,0,Store,No
ORD-100999,2025-09-01,CUS-0003,STR-103,PRD-019-S,1,15.0,0.05,11.99,Store,No
ORD-100999,2025-12-24,CUS-0221,STR-103,PRD-012-T,1,24.66,0,7.99,Store,No
ORD-101000,2025-10-22,CUS-0002,STR-102,PRD-012-T,1,25.96,0.1,4.99,Phone,No
ORD-101000,2025-05-20,CUS-0227,STR-102,PRD-013-T,1,18.88,0.15,7.99,Store,No
ORD-101001,2025-01-22,CUS-0165,STR-103,PRD-004-S,1,23.75,0.1,4.99,Online,No
ORD-101001,2025-05-10,CUS-0099,STR-106,PRD-009-T,3,110.27,0.05,0,Online,No
ORD-101002,2025-07-13,CUS-0012,STR-104,PRD-017-T,2,9.91,0.05,11.99,Store,No
ORD-101002,2025-03-16,CUS-0106,STR-103,PRD-001-S,2,189.0,0.1,4.99,Store,Yes
ORD-101003,2025-09-26,CUS-0007,STR-104,PRD-001-S,2,198.45,0,0,Store,No
ORD-101003,2025-07-07,CUS-0081,STR-104,PRD-020-T,3,63.72,0.15,0,Online,No
ORD-101004,2025-09-01,CUS-0093,STR-102,PRD-017-S,1,8.0,0,11.99,Store,No
ORD-101004,2025-07-19,CUS-0195,STR-106,PRD-011-T,2,42.13,0,0,Store,No
ORD-101005,2025-08-19,CUS-0063,STR-104,PRD-006-T,1,133.4,0.15,11.99,Store,No
ORD-101005,2025-12-04,CUS-0210,STR-105,PRD-015-S,3,46.2,0.05,0,Online,No
ORD-101006,2025-09-26,CUS-0031,STR-101,PRD-015-S,2,46.2,0.15,4.99,Store,No
ORD-101006,2025-12-18,CUS-0094,STR-103,PRD-001-S,2,189.0,0.15,7.99,Store,No
ORD-101007,2025-09-12,CUS-0192,STR-101,PRD-012-S,1,20.9,0,4.99,Online,No
ORD-101007,2025-01-18,CUS-0148,STR-107,PRD-004-T,1,29.5,0,7.99,Store,No
ORD-101008,2025-04-23,CUS-0117,STR-101,PRD-004-S,2,26.25,0.15,4.99,Online,No
ORD-101008,2025-08-13,CUS-0109,STR-106,PRD-011-S,3,34.0,0.1,4.99,Store,No
ORD-101009,2025-01-11,CUS-0225,STR-107,PRD-017-T,1,8.97,0.15,0,Store,No
ORD-101009,2025-07-05,CUS-0027,STR-107,PRD-006-T,1,147.44,0,0,Phone,No
ORD-101010,2025-08-22,CUS-0099,STR-107,PRD-018-T,2,34.22,0.1,11.99,Online,No
ORD-101010,2025-04-23,CUS-0049,STR-106,PRD-001-S,2,189.0,0,4.99,Phone,No
ORD-101011,2025-08-05,CUS-0119,STR-104,PRD-002-T,1,110.98,0.05,11.99,Phone,No
ORD-101011,2025-05-16,CUS-0166,STR-107,PRD-017-S,3,8.4,0,7.99,Online,No
ORD-101012,2025-09-03,CUS-0209,STR-103,PRD-005-S,1,52.25,0.1,7.99,Online,No
ORD-101012,2025-01-17,CUS-0081,STR-106,PRD-013-S,2,16.0,0.1,7.99,Online,No
ORD-101013,2025-02-10,CUS-0221,STR-101,PRD-007-T,1,57.82,0,0,Online,No
ORD-101013,2025-10-16,CUS-0058,STR-104,PRD-013-S,1,16.0,0.05,0,Phone,No
ORD-101014,2025-09-23,CUS-0130,STR-104,PRD-016-S,1,12.0,0,0,Store,No
ORD-101014,2025-09-04,CUS-0216,STR-104,PRD-015-S,4,44.0,0.1,4.99,Online,No
ORD-101015,2025-08-02,CUS-0182,STR-103,PRD-014-S,2,33.25,0.1,11.99,Store,Yes
ORD-101015,2025-10-20,CUS-0141,STR-104,PRD-009-T,3,110.27,0.15,0,Online,No
ORD-101016,2025-09-11,CUS-0085,STR-101,PRD-009-S,2,89.0,0.1,0,Store,No
ORD-101016,2025-10-09,CUS-0149,STR-104,PRD-001-T,4,223.02,0.15,0,Store,No
ORD-101017,2025-03-01,CUS-0050,STR-107,PRD-004-S,2,25.0,0,11.99,Online,No
ORD-101017,2025-01-20,CUS-0214,STR-103,PRD-004-S,1,25.0,0.1,11.99,Online,No
ORD-101018,2025-11-04,CUS-0091,STR-103,PRD-015-S,3,46.2,0.1,7.99,Online,No
ORD-101018,2025-03-27,CUS-0174,STR-103,PRD-003-S,1,42.0,0,7.99,Online,No
ORD-101019,2025-07-17,CUS-0011,STR-106,PRD-004-S,2,23.75,0.15,11.99,Store,No
ORD-101019,2025-10-16,CUS-0047,STR-102,PRD-014-S,3,35.0,0,0,Online,No
ORD-101020,2025-07-05,CUS-0062,STR-107,PRD-015-T,3,51.92,0,0,Online,No
ORD-101020,2025-06-08,CUS-0158,STR-107,PRD-018-T,1,35.93,0.05,0,Phone,No
ORD-101021,2025-11-14,CUS-0161,STR-105,PRD-001-S,1,189.0,0,0,Online,No
ORD-101021,2025-07-24,CUS-0124,STR-102,PRD-005-T,1,68.15,0,0,Online,No
ORD-101022,2025-04-13,CUS-0137,STR-101,PRD-013-S,2,16.0,,4.99,Phone,No
ORD-101022,2025-01-19,CUS-0200,STR-107,PRD-018-S,5,29.0,0,0,Phone,No
ORD-101023,2025-02-23,CUS-0249,STR-102,PRD-019-S,2,15.0,0.15,7.99,Online,No
ORD-101023,2025-11-21,CUS-0026,STR-102,PRD-007-T,2,60.71,0.15,0,Phone,No
ORD-101024,2025-02-19,CUS-0216,STR-105,PRD-019-S,1,15.0,0.05,11.99,Phone,No
ORD-101024,2025-12-01,CUS-0167,STR-105,PRD-016-S,1,12.0,0.1,0,Store,Yes
ORD-101025,2025-01-09,CUS-0222,STR-103,PRD-011-T,4,40.12,0.1,4.99,Online,No
ORD-101025,2025-11-26,CUS-0132,STR-106,PRD-003-S,1,42.0,0.05,0,Online,No
ORD-101026,2025-11-18,CUS-0049,STR-102,PRD-020-T,1,63.72,0.05,11.99,Phone,No
ORD-101026,2025-08-26,CUS-0093,STR-102,PRD-014-T,1,43.37,0.1,7.99,Phone,No
ORD-101027,2025-12-19,CUS-0081,STR-102,PRD-016-S,1,12.0,0.05,7.99,Store,No
ORD-101027,2025-06-10,CUS-0105,STR-102,PRD-011-T,3,42.13,0,7.99,Online,No
ORD-101028,2025-03-10,CUS-0168,STR-104,PRD-002-T,1,122.66,0.05,4.99,Online,No
ORD-101028,2025-01-25,CUS-0098,STR-107,PRD-008-T,1,20.18,0,7.99,Store,No
ORD-101029,2025-06-12,CUS-0150,STR-105,PRD-013-S,1,16.0,0,0,Phone,No
ORD-101029,2025-09-07,CUS-0122,STR-106,PRD-007-T,1,54.93,0.1,7.99,Store,No
ORD-101030,2025-01-30,CUS-0075,STR-106,PRD-016-T,2,14.16,0,11.99,Store,No
ORD-101030,2025-07-12,CUS-0165,STR-107,PRD-014-T,1,43.37,0.15,0,Store,No
ORD-101031,2025-02-06,CUS-0081,STR-103,PRD-020-T,1,63.72,0,7.99,Phone,No
ORD-101031,2025-09-15,CUS-0037,STR-105,PRD-004-T,1,28.02,0.05,0,Store,No
ORD-101032,2025-11-14,CUS-0159,STR-103,PRD-014-S,1,33.25,0,7.99,Online,No
ORD-101032,2025-06-15,CUS-0003,STR-101,PRD-005-S,2,57.75,0,11.99,Store,No
ORD-101033,2025-04-28,CUS-0122,STR-102,PRD-014-S,3,33.25,0,0,Online,No
ORD-101033,2025-09-01,CUS-0161,STR-104,PRD-018-T,1,32.51,0,4.99,Store,No
ORD-101034,2025-03-28,CUS-0078,STR-106,PRD-014-S,2,36.75,0.1,4.99,Phone,No
ORD-101034,2025-09-21,CUS-0069,STR-101,PRD-016-S,1,12.0,0,11.99,Phone,No
ORD-101035,2025-12-20,CUS-0105,STR-106,PRD-006-T,4,147.44,0.05,7.99,Online,No
ORD-101035,2025-07-15,CUS-0126,STR-102,PRD-007-S,1,46.55,0.15,0,Phone,No
ORD-101036,2025-07-13,CUS-0007,STR-106,PRD-018-S,1,29.0,0.1,0,Phone,No
ORD-101036,2025-08-08,CUS-0109,STR-107,PRD-017-T,1,9.44,0.1,4.99,Phone,No
ORD-101037,2025-05-10,CUS-0023,STR-105,PRD-019-S,4,15.0,0,11.99,Online,No
ORD-101037,2025-10-18,CUS-0170,STR-101,PRD-008-S,1,17.1,0,0,Online,No
ORD-101038,2025-01-19,CUS-0166,STR-104,PRD-006-S,2,119.0,0,7.99,Store,No
ORD-101038,2025-06-12,CUS-0077,STR-106,PRD-006-T,1,133.4,0.1,0,Online,No
ORD-101039,2025-05-24,CUS-0098,STR-107,PRD-015-T,1,51.92,0.05,7.99,Online,No
ORD-101039,2025-10-29,CUS-0050,STR-103,PRD-012-T,2,27.26,0,7.99,Online,No
ORD-101040,2025-03-30,CUS-0009,STR-105,PRD-013-T,3,18.88,0,11.99,Online,No
ORD-101040,2025-06-19,CUS-0181,STR-102,PRD-013-T,2,18.88,0.05,4.99,Store,No
ORD-101041,2025-02-10,CUS-0214,STR-103,PRD-017-S,1,8.4,0,11.99,Store,No
ORD-101041,2025-02-02,CUS-0167,STR-106,PRD-010-T,2,73.1,0,0,Phone,No
ORD-101042,2025-06-19,CUS-0071,STR-106,PRD-006-T,3,140.42,0.1,11.99,Online,No
ORD-101042,2025-07-10,CUS-0176,STR-106,PRD-015-T,3,51.92,0,11.99,Store,No
ORD-101043,2025-06-09,CUS-0046,STR-105,PRD-002-S,1,103.95,0,0,Phone,Yes
ORD-101043,2025-12-16,CUS-0118,STR-106,PRD-010-T,1,69.62,0.1,0,Phone,No
ORD-101044,2025-01-15,CUS-0190,STR-107,PRD-012-T,1,25.96,0,11.99,Online,No
ORD-101044,2025-03-05,CUS-0204,STR-101,PRD-001-S,1,198.45,0.05,7.99,Online,No
ORD-101045,2025-08-24,CUS-0031,STR-102,PRD-008-S,1,18.0,0.1,4.99,Store,No
ORD-101045,2025-06-01,CUS-0005,STR-104,PRD-020-T,2,63.72,0.05,11.99,Online,No
ORD-101046,2025-12-08,CUS-0090,STR-106,PRD-008-S,1,17.1,0.1,0,Store,No
ORD-101046,2025-06-05,CUS-0056,STR-101,PRD-018-S,1,29.0,0.05,7.99,Store,No
ORD-101047,2025-10-02,CUS-0186,STR-106,PRD-001-S,1,198.45,0.05,4.99,Phone,No
ORD-101047,2025-09-09,CUS-0045,STR-103,PRD-014-T,1,39.23,0.1,4.99,Phone,No
ORD-101048,2025-01-13,CUS-0013,STR-103,PRD-009-T,1,99.77,0.1,0,Phone,No
ORD-101048,2025-01-30,CUS-0118,STR-104,PRD-007-S,1,49.0,0.05,11.99,Online,No
ORD-101049,2025-01-15,CUS-0200,STR-101,PRD-017-S,5,8.4,0,0,Store,No
ORD-101049,2025-02-12,CUS-0248,STR-102,PRD-013-T,2,18.88,0,0,Store,No
ORD-101050,2025-08-04,CUS-0228,STR-103,PRD-006-S,2,113.05,0,7.99,Online,No
ORD-101050,2025-04-15,CUS-0152,STR-103,PRD-001-S,2,189.0,0.1,0,Store,No
ORD-101051,2025-12-09,CUS-0191,STR-103,PRD-006-T,2,133.4,0,4.99,Store,No
ORD-101051,2025-07-15,CUS-0043,STR-107,PRD-009-S,2,89.0,0.05,4.99,Store,No
ORD-101052,2025-10-23,CUS-0023,STR-101,PRD-005-S,1,55.0,0.05,0,Store,No
ORD-101052,2025-04-16,CUS-0217,STR-102,PRD-017-T,4,9.44,0.1,0,Online,No
ORD-101053,2025-12-02,CUS-0132,STR-103,PRD-009-S,1,89.0,0.1,11.99,Phone,No
ORD-101053,2025-08-19,CUS-0199,STR-104,PRD-016-S,1,12.0,0,4.99,Phone,No
ORD-101054,2025-04-20,CUS-0148,STR-106,PRD-011-S,2,35.7,0.1,7.99,Phone,No
ORD-101054,2025-02-26,CUS-0189,STR-104,PRD-005-S,3,57.75,0.05,4.99,Online,No
ORD-101055,2025-02-17,CUS-0093,STR-107,PRD-014-S,1,33.25,0.05,0,Phone,No
ORD-101055,2025-03-12,CUS-0093,STR-106,PRD-019-T,2,16.81,0,4.99,Online,No
ORD-101056,2025-02-05,CUS-0209,STR-105,PRD-008-T,2,22.3,0.1,11.99,Phone,No
ORD-101056,2025-06-05,CUS-0220,STR-103,PRD-004-T,3,28.02,0,4.99,Store,No
ORD-101057,2025-08-16,CUS-0226,STR-104,PRD-002-S,2,94.05,0.15,0,Phone,No
ORD-101057,2025-02-14,CUS-0093,STR-102,PRD-004-T,1,28.02,0.1,11.99,Phone,No
ORD-101058,2025-07-14,CUS-0201,STR-106,PRD-016-T,1,13.45,0,0,Phone,No
ORD-101058,2025-02-10,CUS-0144,STR-105,PRD-004-T,2,29.5,0.1,4.99,Phone,No
ORD-101059,2025-01-09,CUS-0078,STR-102,PRD-005-S,2,52.25,0.1,7.99,Phone,No
ORD-101059,2025-02-22,CUS-0063,STR-103,PRD-006-S,3,124.95,0.1,0,Store,No
ORD-101060,2025-06-10,CUS-0104,STR-105,PRD-008-S,2,18.0,0.15,0,Store,No
ORD-101060,2025-03-06,CUS-0094,STR-101,PRD-014-S,1,33.25,0.1,0,Phone,No
ORD-101061,2025-01-03,CUS-0065,STR-104,PRD-017-S,1,8.0,0,0,Online,No
ORD-101061,2025-01-14,CUS-0197,STR-107,PRD-015-S,4,41.8,0.05,4.99,Online,No
ORD-101062,2025-01-25,CUS-0069,STR-105,PRD-018-S,2,30.45,0.1,4.99,Store,No
ORD-101062,2025-04-25,CUS-0041,STR-106,PRD-014-S,2,36.75,0.1,11.99,Phone,No
ORD-101063,2025-09-14,CUS-0071,STR-106,PRD-012-S,1,23.1,0.15,11.99,Phone,No
ORD-101063,2025-03-02,CUS-0247,STR-107,PRD-017-T,1,9.44,0,0,Online,No
ORD-101064,2025-05-23,CUS-0239,STR-103,PRD-007-T,5,57.82,0.15,0,Phone,No
ORD-101064,2025-03-05,CUS-0070,STR-102,PRD-019-S,3,14.25,0,0,Store,No
ORD-101065,2025-08-19,CUS-0071,STR-107,PRD-019-T,2,17.7,0,0,Store,No
ORD-101065,2025-07-27,CUS-0128,STR-101,PRD-007-S,2,49.0,0.15,7.99,Store,No
ORD-101066,2025-06-03,CUS-0011,STR-103,PRD-011-S,1,34.0,0.05,0,Store,No
ORD-101066,2025-02-19,CUS-0155,STR-105,PRD-018-S,1,29.0,0.05,4.99,Phone,No
ORD-101067,2025-12-13,CUS-0040,STR-104,PRD-017-S,1,8.4,0.15,0,Phone,No
ORD-101067,2025-12-10,CUS-0097,STR-106,PRD-020-S,1,54.0,0,0,Online,No
ORD-101068,2025-10-25,CUS-0238,STR-105,PRD-016-T,1,14.16,0.1,0,Store,No
ORD-101068,2025-08-29,CUS-0045,STR-103,PRD-009-S,1,84.55,0.05,11.99,Store,No
ORD-101069,2025-09-08,CUS-0006,STR-102,PRD-020-T,4,63.72,0.15,4.99,Online,No
ORD-101069,2025-03-05,CUS-0108,STR-101,PRD-016-T,2,14.16,0,0,Store,No
ORD-101070,2025-03-11,CUS-0041,STR-102,PRD-008-S,3,18.9,0,4.99,Online,No
ORD-101070,2025-04-18,CUS-0113,STR-102,PRD-003-T,1,49.56,0.1,0,Online,No
ORD-101071,2025-09-03,CUS-0121,STR-101,PRD-004-S,2,26.25,0,0,Store,No
ORD-101071,2025-06-23,CUS-0250,STR-101,PRD-005-S,3,52.25,0.05,7.99,Online,No
ORD-101072,2025-06-02,CUS-0122,STR-103,PRD-013-T,1,19.82,0,4.99,Store,No
ORD-101072,2025-03-17,CUS-0040,STR-104,PRD-019-S,2,14.25,0,7.99,Store,No
ORD-101073,2025-11-09,CUS-0226,STR-103,PRD-007-T,4,54.93,0,4.99,Phone,No
ORD-101073,2025-09-11,CUS-0093,STR-101,PRD-014-S,3,35.0,0.15,7.99,Phone,No
ORD-101074,2025-03-21,CUS-0137,STR-105,PRD-004-T,1,29.5,0.05,11.99,Online,Yes
ORD-101074,2025-08-22,CUS-0172,STR-104,PRD-015-S,3,44.0,0.1,11.99,Online,No
ORD-101075,2025-11-15,CUS-0046,STR-104,PRD-017-T,1,9.91,0,0,Store,No
ORD-101075,2025-08-05,CUS-0019,STR-101,PRD-006-T,3,140.42,0.05,0,Phone,No
ORD-101076,2025-05-10,CUS-0031,STR-107,PRD-016-T,1,13.45,0,0,Phone,No
ORD-101076,2025-02-14,CUS-0158,STR-106,PRD-018-S,2,27.55,0,7.99,Phone,No
ORD-101077,2025-08-07,CUS-0232,STR-102,PRD-006-S,1,124.95,0,0,Phone,No
ORD-101077,2025-10-12,CUS-0111,STR-106,PRD-004-S,2,25.0,0.1,7.99,Phone,No
ORD-101078,2025-06-15,CUS-0214,STR-107,PRD-004-T,1,29.5,0,0,Store,No
ORD-101078,2025-07-25,CUS-0024,STR-107,PRD-013-T,1,18.88,0.05,11.99,Online,No
ORD-101079,2025-04-25,CUS-0179,STR-103,PRD-016-T,3,13.45,0,11.99,Store,No
ORD-101079,2025-02-28,CUS-0185,STR-102,PRD-005-S,3,55.0,0,0,Store,No
ORD-101080,2025-08-03,CUS-0085,STR-104,PRD-004-S,2,26.25,0,4.99,Phone,No
ORD-101080,2025-10-11,CUS-0132,STR-101,PRD-006-T,1,140.42,0.1,7.99,Online,No
ORD-101081,2025-05-02,CUS-0073,STR-106,PRD-008-T,4,20.18,0.1,0,Store,No
ORD-101081,2025-06-03,CUS-0161,STR-104,PRD-012-T,1,25.96,0.15,4.99,Store,No
ORD-101082,2025-06-26,CUS-0233,STR-102,PRD-010-S,4,56.05,0.15,0,Phone,No
ORD-101082,2025-12-30,CUS-0182,STR-101,PRD-009-S,2,89.0,0,0,Store,No
ORD-101083,2025-04-18,CUS-0004,STR-107,PRD-018-S,1,30.45,0.1,11.99,Store,No
ORD-101083,2025-04-09,CUS-0031,STR-103,PRD-006-T,4,140.42,0.1,11.99,Phone,No
ORD-101084,2025-01-06,CUS-0141,STR-102,PRD-015-S,2,41.8,0.1,11.99,Store,No
ORD-101084,2025-08-02,CUS-0036,STR-105,PRD-006-T,2,133.4,0,0,Phone,No
ORD-101085,2025-11-26,CUS-0234,STR-102,PRD-005-T,2,68.15,0.1,4.99,Online,No
ORD-101085,2025-08-03,CUS-0179,STR-101,PRD-002-T,2,110.98,0.1,7.99,Store,No
ORD-101086,2025-02-12,CUS-0242,STR-105,PRD-004-T,4,29.5,0,0,Online,No
ORD-101086,2025-06-18,CUS-0182,STR-105,PRD-014-S,2,36.75,0.1,0,Online,No
ORD-101087,2025-03-17,CUS-0099,STR-103,PRD-007-T,4,54.93,0.1,0,Store,No
ORD-101087,2025-11-17,CUS-0036,STR-105,PRD-004-T,1,29.5,0.05,0,Store,No
ORD-101088,2025-02-16,CUS-0051,STR-101,PRD-020-S,2,54.0,0,4.99,Phone,No
ORD-101088,2025-05-30,CUS-0217,STR-104,PRD-003-T,1,47.08,0,0,Store,No
ORD-101089,2025-11-02,CUS-0095,STR-104,PRD-011-T,4,38.11,0,0,Store,No
ORD-101089,2025-05-23,CUS-0086,STR-101,PRD-001-T,1,211.87,0,11.99,Phone,No
ORD-101090,2025-05-24,CUS-0161,STR-107,PRD-020-T,1,66.91,0,7.99,Phone,No
ORD-101090,2025-05-06,CUS-0072,STR-101,PRD-010-S,2,59.0,0.1,4.99,Store,No
ORD-101091,2025-06-01,CUS-0002,STR-102,PRD-009-T,2,105.02,0.15,4.99,Online,No
ORD-101091,2025-09-05,CUS-0032,STR-103,PRD-002-S,2,99.0,0,0,Online,No
ORD-101092,2025-08-08,CUS-0153,STR-106,PRD-006-T,1,140.42,0.15,11.99,Online,No
ORD-101092,2025-03-30,CUS-0213,STR-104,PRD-012-T,1,27.26,0,7.99,Store,Yes
ORD-101093,2025-08-17,CUS-0140,STR-103,PRD-001-S,2,179.55,0.1,4.99,Store,No
ORD-101093,2025-04-02,CUS-0195,STR-107,PRD-018-T,2,32.51,0,0,Online,No
ORD-101094,2025-09-30,CUS-0079,STR-104,PRD-017-T,3,9.44,0,0,Store,No
ORD-101094,2025-04-05,CUS-0172,STR-102,PRD-013-S,2,16.8,0.1,7.99,Store,No
ORD-101095,2025-02-08,CUS-0211,STR-107,PRD-004-S,1,25.0,0.15,11.99,Phone,No
ORD-101095,2025-10-11,CUS-0117,STR-103,PRD-017-T,1,9.44,0,7.99,Phone,No
ORD-101096,2025-04-10,CUS-0084,STR-103,PRD-008-T,1,20.18,0,0,Phone,No
ORD-101096,2025-11-30,CUS-0250,STR-104,PRD-013-S,2,16.0,0,0,Store,No
ORD-101097,2025-12-01,CUS-0064,STR-102,PRD-010-T,2,73.1,0,4.99,Phone,No
ORD-101097,2025-11-29,CUS-0018,STR-105,PRD-017-S,1,8.4,0,0,Store,No
ORD-101098,2025-01-03,CUS-0069,STR-103,PRD-005-T,2,61.66,0.15,7.99,Phone,No
ORD-101098,2025-08-26,CUS-0196,STR-102,PRD-010-T,2,69.62,0,11.99,Phone,No
ORD-101099,2025-06-27,CUS-0197,STR-103,PRD-004-S,2,25.0,0.1,7.99,Store,No
ORD-101099,2025-02-24,CUS-0235,STR-104,PRD-014-T,1,41.3,0,4.99,Store,No
ORD-101100,2025-07-27,CUS-0124,STR-103,PRD-020-S,3,56.7,0.05,0,Online,No
ORD-101100,2025-01-16,CUS-0001,STR-106,PRD-019-S,4,14.25,0.15,0,Phone,No
ORD-101101,2025-02-05,CUS-0111,STR-102,PRD-014-S,2,33.25,0,11.99,Phone,No
ORD-101101,2025-05-18,CUS-0065,STR-103,PRD-020-S,4,51.3,0.05,7.99,Phone,No
ORD-101102,2025-09-21,CUS-0018,STR-107,PRD-002-S,2,99.0,0,4.99,Store,No
ORD-101102,2025-06-16,CUS-0236,STR-106,PRD-013-T,2,18.88,0.1,4.99,Phone,No
ORD-101103,2025-11-18,CUS-0204,STR-105,PRD-012-T,2,25.96,0,11.99,Online,No
ORD-101103,2025-09-08,CUS-0028,STR-106,PRD-003-T,1,49.56,0.15,11.99,Phone,No
ORD-101104,2025-05-27,CUS-0031,STR-107,PRD-006-S,1,113.05,0.05,4.99,Phone,No
ORD-101104,2025-01-29,CUS-0005,STR-106,PRD-014-T,3,41.3,0.15,7.99,Store,No
ORD-101105,2025-11-21,CUS-0006,STR-104,PRD-003-T,1,52.04,0.05,0,Phone,No
ORD-101105,2025-01-03,CUS-0215,STR-107,PRD-003-T,5,52.04,0.1,0,Online,No
ORD-101106,2025-04-01,CUS-0002,STR-104,PRD-019-S,1,15.0,0,7.99,Store,No
ORD-101106,2025-08-16,CUS-0008,STR-102,PRD-012-S,4,22.0,0,0,Store,No
ORD-101107,2025-06-21,CUS-0026,STR-104,PRD-007-S,1,49.0,0,4.99,Store,No
ORD-101107,2025-03-16,CUS-0183,STR-107,PRD-013-T,1,17.94,0,0,Phone,No
ORD-101108,2025-09-21,CUS-0198,STR-104,PRD-009-T,2,105.02,0,4.99,Online,Yes
ORD-101108,2025-11-20,CUS-0041,STR-106,PRD-020-S,2,56.7,0,0,Store,No
ORD-101109,2025-11-27,CUS-0160,STR-101,PRD-011-S,1,34.0,0,0,Online,Yes
ORD-101109,2025-02-17,CUS-0005,STR-101,PRD-017-S,1,8.0,0,4.99,Store,No
ORD-101110,2025-10-09,CUS-0033,STR-105,PRD-005-T,2,64.9,0.15,4.99,Phone,No
ORD-101110,2025-02-17,CUS-0209,STR-101,PRD-002-T,1,116.82,0.1,0,Store,No
ORD-101111,2025-04-24,CUS-0212,STR-106,PRD-018-T,2,32.51,0,7.99,Phone,No
ORD-101111,2025-01-03,CUS-0185,STR-101,PRD-017-T,4,9.44,0,11.99,Online,No
ORD-101112,2025-05-07,CUS-0163,STR-104,PRD-010-S,1,61.95,0,4.99,Store,No
ORD-101112,2025-04-15,CUS-0006,STR-104,PRD-020-S,1,54.0,0.15,0,Phone,No
ORD-101113,2025-03-19,CUS-0164,STR-107,PRD-006-S,3,119.0,0.1,7.99,Online,No
ORD-101113,2025-03-02,CUS-0246,STR-101,PRD-014-S,2,36.75,0.1,0,Store,No
ORD-101114,2025-07-28,CUS-0180,STR-101,PRD-009-T,5,105.02,0,11.99,Online,No
ORD-101114,2025-04-22,CUS-0014,STR-102,PRD-020-S,1,56.7,0.1,11.99,Phone,No
ORD-101115,2025-07-27,CUS-0017,STR-102,PRD-019-T,3,17.7,0.15,7.99,Phone,No
ORD-101115,2025-08-27,CUS-0181,STR-101,PRD-011-S,2,34.0,0.15,0,Phone,No
ORD-101116,2025-04-13,CUS-0245,STR-105,PRD-006-S,1,119.0,0,11.99,Online,No
ORD-101116,2025-03-25,CUS-0141,STR-105,PRD-020-T,2,63.72,0,0,Store,No
ORD-101117,2025-05-24,CUS-0182,STR-101,PRD-008-S,2,17.1,0.1,4.99,Store,No
ORD-101117,2025-02-07,CUS-0158,STR-107,PRD-007-S,1,46.55,0.05,7.99,Phone,Yes
ORD-101118,2025-10-19,CUS-0247,STR-102,PRD-006-S,3,113.05,0.05,11.99,Phone,No
ORD-101118,2025-07-08,CUS-0015,STR-105,PRD-015-T,2,51.92,0,0,Phone,Yes
ORD-101119,2025-01-31,CUS-0020,STR-107,PRD-006-S,2,124.95,0,4.99,Online,No
ORD-101119,2025-04-27,CUS-0161,STR-107,PRD-003-S,1,42.0,0,4.99,Store,No
ORD-101120,2025-04-22,CUS-0218,STR-106,PRD-019-T,1,17.7,0,11.99,Online,No
ORD-101120,2025-07-25,CUS-0085,STR-102,PRD-014-S,1,35.0,0.1,7.99,Online,No
ORD-101121,2025-02-08,CUS-0240,STR-102,PRD-013-T,2,19.82,0,4.99,Store,No
ORD-101121,2025-02-03,CUS-0021,STR-107,PRD-017-S,2,8.0,0,4.99,Online,No
ORD-101122,2025-04-11,CUS-0246,STR-102,PRD-010-T,1,66.14,0.05,11.99,Store,No
ORD-101122,2025-04-21,CUS-0150,STR-104,PRD-011-S,1,34.0,0.1,7.99,Phone,Yes
ORD-101123,2025-03-17,CUS-0211,STR-106,PRD-004-S,2,25.0,0,11.99,Online,No
ORD-101123,2025-10-30,CUS-0091,STR-104,PRD-007-T,3,57.82,0.05,0,Online,No
ORD-101124,2025-08-31,CUS-0020,STR-101,PRD-010-S,1,56.05,0,7.99,Store,No
ORD-101124,2025-12-07,CUS-0174,STR-102,PRD-019-S,1,15.0,0,0,Store,No
ORD-101125,2025-03-27,CUS-0064,STR-101,PRD-010-S,2,56.05,0.15,4.99,Phone,No
ORD-101125,2025-03-25,CUS-0190,STR-103,PRD-005-S,4,55.0,0.05,0,Online,No
ORD-101126,2025-10-18,CUS-0043,STR-106,PRD-005-T,3,64.9,0.05,11.99,Phone,No
ORD-101126,2025-05-22,CUS-0114,STR-106,PRD-014-T,1,43.37,0,0,Online,No
ORD-101127,2025-01-17,CUS-0110,STR-105,PRD-004-T,1,28.02,0.1,4.99,Phone,No
ORD-101127,2025-02-16,CUS-0077,STR-107,PRD-007-T,1,57.82,0.1,11.99,Store,No
ORD-101128,2025-12-13,CUS-0205,STR-106,PRD-009-S,2,93.45,0,0,Online,No
ORD-101128,2025-11-26,CUS-0148,STR-101,PRD-008-T,2,22.3,0,11.99,Store,No
ORD-101129,2025-04-01,CUS-0204,STR-101,PRD-015-S,1,41.8,0,4.99,Phone,No
ORD-101129,2025-12-05,CUS-0217,STR-103,PRD-003-S,1,39.9,0.15,7.99,Store,No
ORD-101130,2025-08-28,CUS-0008,STR-103,PRD-018-T,1,35.93,0,11.99,Phone,No
ORD-101130,2025-12-31,CUS-0140,STR-105,PRD-018-T,3,34.22,0,7.99,Store,No
ORD-101131,2025-05-26,CUS-0178,STR-106,PRD-008-T,1,20.18,0,4.99,Online,No
ORD-101131,2025-08-03,CUS-0147,STR-104,PRD-018-T,1,35.93,0,4.99,Store,No
ORD-101132,2025-02-17,CUS-0045,STR-105,PRD-017-S,5,7.6,0.15,7.99,Online,No
ORD-101132,2025-09-20,CUS-0163,STR-105,PRD-019-T,2,18.59,0,4.99,Online,No
ORD-101133,2025-04-29,CUS-0223,STR-106,PRD-008-S,4,18.9,0,11.99,Online,No
ORD-101133,2025-03-20,CUS-0012,STR-104,PRD-005-S,2,55.0,0.05,4.99,Online,No
ORD-101134,2025-08-16,CUS-0176,STR-104,PRD-017-S,1,7.6,0.15,0,Store,No
ORD-101134,2025-04-14,CUS-0134,STR-101,PRD-018-S,2,27.55,0.05,4.99,Phone,No
ORD-101135,2025-09-21,CUS-0194,STR-106,PRD-018-T,2,32.51,0.1,7.99,Store,No
ORD-101135,2025-12-22,CUS-0028,STR-107,PRD-010-S,2,56.05,0.1,0,Phone,No
ORD-101136,2025-03-29,CUS-0167,STR-106,PRD-003-T,3,47.08,0,11.99,Store,No
ORD-101136,2025-06-13,CUS-0191,STR-101,PRD-001-S,1,189.0,0.05,7.99,Phone,No
ORD-101137,2025-04-03,CUS-0055,STR-102,PRD-001-T,1,223.02,0.1,11.99,Online,No
ORD-101137,2025-06-27,CUS-0216,STR-103,PRD-016-S,1,12.6,0.05,11.99,Store,No
ORD-101138,2025-05-31,CUS-0034,STR-107,PRD-008-T,1,21.24,0.15,0,Store,No
ORD-101138,2025-08-11,CUS-0232,STR-103,PRD-008-T,4,20.18,0.15,7.99,Online,No
ORD-101139,2025-01-20,CUS-0089,STR-102,PRD-001-T,1,223.02,0.05,7.99,Phone,Yes
ORD-101139,2025-01-12,CUS-0145,STR-102,PRD-003-T,2,49.56,0,4.99,Online,No
ORD-101140,2025-07-01,CUS-0156,STR-102,PRD-004-S,1,25.0,0.15,0,Store,No
ORD-101140,2025-08-19,CUS-0056,STR-102,PRD-001-T,3,223.02,0,11.99,Store,No
ORD-101141,2025-09-17,CUS-0125,STR-105,PRD-017-S,1,7.6,0,4.99,Store,No
ORD-101141,2025-11-05,CUS-0050,STR-107,PRD-001-S,1,179.55,0.1,0,Phone,Yes
ORD-101142,2025-11-06,CUS-0184,STR-106,PRD-013-S,1,16.0,0.15,11.99,Store,No
ORD-101142,2025-05-10,CUS-0035,STR-102,PRD-001-T,2,223.02,0.1,11.99,Store,No
ORD-101143,2025-11-23,CUS-0033,STR-104,PRD-012-T,1,25.96,0,0,Phone,No
ORD-101143,2025-11-11,CUS-0129,STR-107,PRD-020-T,1,66.91,0,0,Store,No
ORD-101144,2025-08-04,CUS-0212,STR-107,PRD-002-T,2,122.66,0,7.99,Phone,No
ORD-101144,2025-09-13,CUS-0113,STR-105,PRD-005-T,2,68.15,0,0,Phone,No
ORD-101145,2025-04-06,CUS-0234,STR-104,PRD-006-S,1,113.05,0.05,0,Phone,No
ORD-101145,2025-03-18,CUS-0125,STR-105,PRD-001-S,2,189.0,0,0,Online,No
ORD-101146,2025-04-27,CUS-0249,STR-105,PRD-018-S,2,27.55,0.05,7.99,Store,No
ORD-101146,2025-03-19,CUS-0166,STR-101,PRD-001-T,1,211.87,0,7.99,Store,No
ORD-101147,2025-12-02,CUS-0070,STR-102,PRD-018-T,1,35.93,0.1,11.99,Online,No
ORD-101147,2025-04-25,CUS-0005,STR-103,PRD-007-T,4,54.93,0.1,0,Store,No
ORD-101148,2025-10-30,CUS-0163,STR-102,PRD-009-T,3,105.02,0.15,4.99,Online,No
ORD-101148,2025-03-02,CUS-0022,STR-104,PRD-007-S,1,49.0,0,4.99,Online,No
ORD-101149,2025-10-31,CUS-0134,STR-104,PRD-013-S,2,16.8,0,0,Store,No
ORD-101149,2025-08-22,CUS-0070,STR-106,PRD-003-T,1,47.08,0.05,0,Store,No
ORD-101150,2025-12-05,CUS-0103,STR-102,PRD-006-S,1,119.0,0,0,Store,No
ORD-101150,2025-11-27,CUS-0221,STR-101,PRD-007-T,1,60.71,0,7.99,Phone,No
ORD-101151,2025-07-31,CUS-0244,STR-107,PRD-001-S,1,198.45,0.1,0,Online,No
ORD-101151,2025-01-24,CUS-0173,STR-101,PRD-003-T,1,49.56,0.1,11.99,Online,No
ORD-101152,2025-10-07,CUS-0048,STR-101,PRD-018-T,1,35.93,0,0,Store,No
ORD-101152,2025-09-02,CUS-0240,STR-107,PRD-013-T,4,17.94,0.15,4.99,Online,No
ORD-101153,2025-04-30,CUS-0162,STR-102,PRD-016-T,2,13.45,0.1,0,Online,No
ORD-101153,2025-11-10,CUS-0017,STR-103,PRD-017-S,2,8.0,0,0,Online,No
ORD-101154,2025-03-27,CUS-0129,STR-101,PRD-012-S,1,22.0,0.05,7.99,Online,No
ORD-101154,2025-02-12,CUS-0208,STR-104,PRD-020-S,2,54.0,0.1,0,Store,No
ORD-101155,2025-06-02,CUS-0042,STR-101,PRD-016-S,2,11.4,0,11.99,Store,No
ORD-101155,2025-03-08,CUS-0037,STR-105,PRD-010-S,1,59.0,0,4.99,Phone,No
ORD-101156,2025-04-20,CUS-0085,STR-102,PRD-001-S,2,189.0,0.15,0,Online,No
ORD-101156,2025-08-27,CUS-0228,STR-103,PRD-014-S,2,36.75,0,11.99,Online,No
ORD-101157,2025-08-31,CUS-0049,STR-105,PRD-004-S,2,25.0,0,0,Online,No
ORD-101157,2025-04-15,CUS-0063,STR-107,PRD-010-T,1,73.1,0.15,7.99,Store,No
ORD-101158,2025-11-24,CUS-0010,STR-107,PRD-011-T,2,42.13,0.1,11.99,Phone,No
ORD-101158,2025-01-14,CUS-0020,STR-106,PRD-005-T,4,64.9,0,7.99,Phone,No
ORD-101159,2025-01-27,CUS-0070,STR-101,PRD-018-T,2,35.93,0,4.99,Phone,No
ORD-101159,2025-05-10,CUS-0102,STR-102,PRD-013-T,1,19.82,0.1,11.99,Store,No
ORD-101160,2025-07-04,CUS-0111,STR-105,PRD-010-S,3,61.95,0,0,Phone,No
ORD-101160,2025-01-07,CUS-0126,STR-105,PRD-015-S,4,46.2,0,4.99,Phone,No
ORD-101161,2025-08-31,CUS-0170,STR-101,PRD-017-T,1,9.44,0,0,Phone,No
ORD-101161,2025-10-01,CUS-0163,STR-101,PRD-006-S,1,119.0,0,11.99,Store,Yes
ORD-101162,2025-11-04,CUS-0002,STR-107,PRD-002-T,1,110.98,0.05,11.99,Phone,No
ORD-101162,2025-12-27,CUS-0132,STR-105,PRD-012-S,1,22.0,0.1,4.99,Store,No
ORD-101163,2025-05-06,CUS-0171,STR-107,PRD-001-S,2,179.55,0,7.99,Phone,No
ORD-101163,2025-07-09,CUS-0093,STR-102,PRD-019-T,2,17.7,0,4.99,Store,No
ORD-101164,2025-05-10,CUS-0130,STR-102,PRD-011-S,2,32.3,0.1,7.99,Online,No
ORD-101164,2025-09-09,CUS-0103,STR-104,PRD-008-S,2,17.1,0,11.99,Phone,No
ORD-101165,2025-02-19,CUS-0062,STR-104,PRD-017-T,2,9.91,0.05,0,Online,No
ORD-101165,2025-12-09,CUS-0194,STR-102,PRD-017-T,2,9.44,0,11.99,Phone,No
ORD-101166,2025-12-15,CUS-0184,STR-102,PRD-013-S,4,16.0,0,4.99,Phone,No
ORD-101166,2025-02-04,CUS-0152,STR-101,PRD-012-T,2,25.96,0,0,Phone,No
ORD-101167,2025-07-29,CUS-0012,STR-107,PRD-009-T,3,105.02,0,11.99,Store,No
ORD-101167,2025-08-03,CUS-0107,STR-102,PRD-007-S,1,49.0,0.15,7.99,Store,Yes
ORD-101168,2025-05-09,CUS-0029,STR-106,PRD-009-T,2,99.77,0,0,Store,No
ORD-101168,2025-08-16,CUS-0116,STR-107,PRD-007-S,1,49.0,0,0,Online,No
ORD-101169,2025-10-05,CUS-0211,STR-104,PRD-002-T,4,122.66,0.1,0,Phone,No
ORD-101169,2025-08-01,CUS-0242,STR-105,PRD-011-T,4,42.13,0.1,11.99,Phone,No
ORD-101170,2025-03-03,CUS-0173,STR-101,PRD-011-S,2,32.3,0,7.99,Phone,No
ORD-101170,2025-05-28,CUS-0085,STR-104,PRD-002-T,3,116.82,0.1,0,Store,No
ORD-101171,2025-09-01,CUS-0151,STR-104,PRD-009-T,1,110.27,0.1,7.99,Store,No
ORD-101171,2025-03-19,CUS-0145,STR-103,PRD-011-T,1,42.13,0,0,Phone,No
ORD-101172,2025-11-24,CUS-0141,STR-102,PRD-015-T,1,51.92,0.05,0,Phone,No
ORD-101172,2025-07-29,CUS-0035,STR-103,PRD-013-S,3,16.8,0,0,Store,No
ORD-101173,2025-07-20,CUS-0097,STR-102,PRD-004-S,2,23.75,0,0,Online,No
ORD-101173,2025-08-06,CUS-0242,STR-107,PRD-015-T,1,51.92,0,11.99,Store,No
ORD-101174,2025-03-19,CUS-0191,STR-104,PRD-006-T,2,133.4,0.1,0,Online,No
ORD-101174,2025-04-14,CUS-0048,STR-102,PRD-006-T,2,140.42,0.15,11.99,Store,No
ORD-101175,2025-03-31,CUS-0099,STR-106,PRD-008-T,1,21.24,0,0,Store,No
ORD-101175,2025-10-13,CUS-0030,STR-105,PRD-005-T,1,64.9,0.1,7.99,Online,No
ORD-101176,2025-11-15,CUS-0107,STR-101,PRD-006-T,1,133.4,0.1,0,Online,No
ORD-101176,2025-03-05,CUS-0201,STR-102,PRD-014-S,1,35.0,0,7.99,Store,No
ORD-101177,2025-07-16,CUS-0178,STR-103,PRD-001-T,3,211.87,0.05,0,Online,Yes
ORD-101177,2025-06-02,CUS-0236,STR-102,PRD-010-S,5,61.95,0,0,Online,No
ORD-101178,2025-10-07,CUS-0158,STR-102,PRD-014-T,5,41.3,0.1,11.99,Phone,No
ORD-101178,2025-05-13,CUS-0242,STR-103,PRD-003-S,3,39.9,0.15,7.99,Online,No
ORD-101179,2025-11-02,CUS-0234,STR-102,PRD-014-S,1,35.0,0,0,Phone,No
ORD-101179,2025-01-18,CUS-0196,STR-107,PRD-007-S,3,46.55,0,4.99,Online,No
ORD-101180,2025-04-23,CUS-0205,STR-107,PRD-004-T,2,28.02,0,11.99,Store,No
ORD-101180,2025-09-12,CUS-0120,STR-106,PRD-007-T,1,57.82,0.05,7.99,Store,No
ORD-101181,2025-08-31,CUS-0051,STR-106,PRD-020-T,1,63.72,0.15,0,Store,No
ORD-101181,2025-06-21,CUS-0214,STR-106,PRD-009-T,2,110.27,0,7.99,Phone,No
ORD-101182,2025-03-03,CUS-0084,STR-103,PRD-018-T,2,35.93,0,0,Store,Yes
ORD-101182,2025-02-27,CUS-0215,STR-102,PRD-017-S,2,8.0,0.05,7.99,Phone,No
ORD-101183,2025-11-25,CUS-0179,STR-106,PRD-014-S,4,35.0,0.15,11.99,Online,No
ORD-101183,2025-06-27,CUS-0131,STR-102,PRD-001-T,3,211.87,0.15,0,Store,No
ORD-101184,2025-11-24,CUS-0169,STR-104,PRD-005-T,1,64.9,0,0,Phone,Yes
ORD-101184,2025-11-02,CUS-0167,STR-104,PRD-012-T,2,25.96,0.15,7.99,Phone,No
ORD-101185,2025-01-02,CUS-0222,STR-102,PRD-008-S,4,18.9,0.1,11.99,Online,No
ORD-101185,2025-09-26,CUS-0069,STR-105,PRD-019-T,1,17.7,0.1,7.99,Store,No
ORD-101186,2025-07-20,CUS-0029,STR-102,PRD-012-T,2,25.96,0.05,7.99,Store,No
ORD-101186,2025-11-22,CUS-0248,STR-107,PRD-003-T,3,49.56,0,0,Store,No
ORD-101187,2025-04-07,CUS-0200,STR-105,PRD-018-T,1,35.93,0.1,0,Online,No
ORD-101187,2025-03-05,CUS-0150,STR-105,PRD-012-T,1,27.26,0.05,7.99,Store,No
ORD-101188,2025-01-24,CUS-0007,STR-102,PRD-009-S,3,89.0,0.1,0,Store,No
ORD-101188,2025-03-15,CUS-0053,STR-102,PRD-012-S,3,22.0,0.05,11.99,Online,No
ORD-101189,2025-03-21,CUS-0194,STR-104,PRD-003-S,2,39.9,0.15,4.99,Store,No
ORD-101189,2025-12-11,CUS-0064,STR-101,PRD-010-T,2,66.14,0.1,4.99,Phone,No
ORD-101190,2025-05-09,CUS-0105,STR-102,PRD-015-T,4,49.32,0.1,0,Online,No
ORD-101190,2025-01-28,CUS-0130,STR-106,PRD-020-T,3,60.53,0,0,Online,No
ORD-101191,2025-02-02,CUS-0136,STR-104,PRD-014-T,1,41.3,0,0,Store,No
ORD-101191,2025-04-29,CUS-0214,STR-106,PRD-015-T,1,49.32,0.1,4.99,Online,No
ORD-101192,2025-05-28,CUS-0061,STR-101,PRD-018-S,1,27.55,0.1,0,Store,No
ORD-101192,2025-12-27,CUS-0143,STR-102,PRD-013-S,3,16.8,0.05,0,Online,No
ORD-101193,2025-01-27,CUS-0214,STR-106,PRD-011-S,2,34.0,0.1,11.99,Phone,No
ORD-101193,2025-09-24,CUS-0057,STR-105,PRD-005-T,3,64.9,0.05,11.99,Phone,No
ORD-101194,2025-03-01,CUS-0184,STR-102,PRD-006-T,2,147.44,0,11.99,Store,No
ORD-101194,2025-12-29,CUS-0138,STR-106,PRD-007-S,2,49.0,0.15,7.99,Phone,No
ORD-101195,2025-12-30,CUS-0033,STR-103,PRD-003-S,1,39.9,0.05,11.99,Online,No
ORD-101195,2025-05-21,CUS-0077,STR-107,PRD-013-S,2,15.2,0.05,4.99,Online,No
ORD-101196,2025-04-01,CUS-0056,STR-103,PRD-018-T,1,34.22,0.1,7.99,Online,No
ORD-101196,2025-07-09,CUS-0149,STR-101,PRD-004-T,3,28.02,0,7.99,Phone,No
ORD-101197,2025-05-08,CUS-0162,STR-106,PRD-001-T,3,223.02,0,7.99,Store,No
ORD-101197,2025-11-05,CUS-0037,STR-106,PRD-009-T,1,105.02,0.1,0,Online,No
ORD-101198,2025-08-22,CUS-0123,STR-107,PRD-014-T,3,43.37,0.05,4.99,Store,No
ORD-101198,2025-05-17,CUS-0182,STR-105,PRD-020-T,1,60.53,0,0,Online,No
ORD-101199,2025-04-10,CUS-0169,STR-103,PRD-001-T,1,234.17,0.1,7.99,Store,No
ORD-101199,2025-09-30,CUS-0047,STR-104,PRD-020-S,1,54.0,0,0,Online,No
ORD-101200,2025-08-20,CUS-0208,STR-101,PRD-010-T,2,69.62,0.1,4.99,Phone,No
ORD-101200,2025-09-11,CUS-0031,STR-106,PRD-006-T,4,133.4,0.05,7.99,Online,No
ORD-101201,2025-11-10,CUS-0222,STR-101,PRD-003-T,2,49.56,0,4.99,Store,No
ORD-101201,2025-08-26,CUS-0190,STR-106,PRD-007-S,1,49.0,0.1,4.99,Online,No
ORD-101202,2025-04-05,CUS-0042,STR-105,PRD-015-S,1,46.2,0.05,11.99,Online,No
ORD-101202,2025-02-07,CUS-0056,STR-104,PRD-014-S,1,33.25,0,4.99,Online,No
ORD-101203,2025-05-01,CUS-0193,STR-104,PRD-009-T,5,110.27,0.05,0,Phone,No
ORD-101203,2025-09-02,CUS-0216,STR-105,PRD-004-T,3,30.98,0.1,0,Online,No
ORD-101204,2025-04-08,CUS-0018,STR-106,PRD-006-S,2,124.95,0,11.99,Store,No
ORD-101204,2025-01-14,CUS-0078,STR-106,PRD-017-S,2,8.0,0.15,7.99,Online,No
ORD-101205,2025-08-27,CUS-0075,STR-102,PRD-008-S,2,18.9,0,4.99,Online,No
ORD-101205,2025-05-12,CUS-0158,STR-103,PRD-015-T,1,54.52,0.1,0,Online,Yes
ORD-101206,2025-05-26,CUS-0127,STR-104,PRD-015-S,1,44.0,0,0,Phone,Yes
ORD-101206,2025-08-14,CUS-0098,STR-101,PRD-010-S,2,59.0,0.1,7.99,Store,No
ORD-101207,2025-01-15,CUS-0203,STR-106,PRD-008-T,4,20.18,0,7.99,Phone,No
ORD-101207,2025-05-03,CUS-0089,STR-103,PRD-010-T,1,69.62,0.15,0,Phone,No
ORD-101208,2025-07-07,CUS-0156,STR-101,PRD-002-T,2,116.82,0.05,4.99,Online,No
ORD-101208,2025-04-09,CUS-0141,STR-107,PRD-002-T,1,122.66,0.05,11.99,Store,No
ORD-101209,2025-02-05,CUS-0019,STR-106,PRD-014-S,1,35.0,0,0,Phone,No
ORD-101209,2025-03-05,CUS-0150,STR-105,PRD-018-T,1,34.22,0.05,7.99,Phone,No
ORD-101210,2025-01-21,CUS-0065,STR-101,PRD-002-S,2,103.95,0,7.99,Online,No
ORD-101210,2025-10-26,CUS-0054,STR-106,PRD-019-T,3,17.7,0,7.99,Phone,No
ORD-101211,2025-03-27,CUS-0054,STR-104,PRD-010-T,1,69.62,0.05,7.99,Store,No
ORD-101211,2025-12-05,CUS-0004,STR-104,PRD-004-T,1,29.5,0,4.99,Phone,No
ORD-101212,2025-02-03,CUS-0111,STR-102,PRD-008-S,1,18.0,0,11.99,Store,No
ORD-101212,2025-08-01,CUS-0124,STR-104,PRD-012-S,1,22.0,0.05,7.99,Phone,No
ORD-101213,2025-05-17,CUS-0160,STR-103,PRD-004-T,2,29.5,0,11.99,Online,No
ORD-101213,2025-09-18,CUS-0012,STR-103,PRD-001-S,2,179.55,0.1,0,Online,No
ORD-101214,2025-01-13,CUS-0063,STR-102,PRD-015-T,1,49.32,0,0,Store,No
ORD-101214,2025-05-23,CUS-0009,STR-106,PRD-002-T,1,110.98,0.15,4.99,Online,No
ORD-100037,2025-01-19,CUS-0190,STR-102,PRD-006-S,3,119.0,0.1,11.99,Online,No
ORD-100830,2025-03-24,CUS-0040,STR-105,PRD-015-T,1,51.92,0.1,0,Store,No
